Rk,Player,Age,Team,Pos,G,GS,MP,FG,FGA,FG%,3P,3PA,3P%,2P,2PA,2P%,eFG%,FT,FTA,FT%,ORB,DRB,TRB,AST,STL,BLK,TOV,PF,PTS,Awards,Season
1.0,Michael Jordan (1997-98),34.0,CHI,SG,82.0,82.0,38.8,10.7,23.1,0.465,0.4,1.5,0.238,10.4,21.5,0.482,0.473,6.9,8.8,0.784,1.6,4.2,5.8,3.5,1.7,0.5,2.3,1.8,28.7,"MVP-1,DPOY-4,AS,NBA1,DEF1",1997-98
2.0,Shaquille O'Neal (1997-98),25.0,LAL,C,60.0,57.0,36.3,11.2,19.1,0.584,0.0,0.0,,11.2,19.1,0.584,0.584,6.0,11.4,0.527,3.5,7.9,11.4,2.4,0.7,2.4,2.9,3.2,28.3,"MVP-4,AS,NBA1",1997-98
3.0,Karl Malone (1997-98),34.0,UTA,PF,81.0,81.0,37.4,9.6,18.2,0.53,0.0,0.1,0.333,9.6,18.1,0.531,0.531,7.8,10.2,0.761,2.3,8.0,10.3,3.9,1.2,0.9,3.0,2.9,27.0,"MVP-2,AS,NBA1,DEF1",1997-98
4.0,Glenn Robinson (1997-98),25.0,MIL,SF,56.0,56.0,41.0,9.5,20.3,0.47,0.4,1.2,0.385,9.1,19.1,0.475,0.481,3.8,4.8,0.808,1.5,4.0,5.5,2.8,1.2,0.6,3.6,2.9,23.4,,1997-98
5.0,Mitch Richmond (1997-98),32.0,SAC,SG,70.0,70.0,36.7,7.8,17.4,0.445,1.9,4.8,0.389,5.9,12.7,0.466,0.498,5.8,6.7,0.864,0.7,2.6,3.3,4.0,1.3,0.2,2.6,2.2,23.2,"MVP-15,AS,NBA3",1997-98
6.0,Antoine Walker (1997-98),21.0,BOS,PF,82.0,82.0,39.9,8.8,20.8,0.423,1.1,3.6,0.312,7.7,17.2,0.447,0.45,3.7,5.8,0.645,3.3,6.9,10.2,3.3,1.7,0.7,3.6,3.2,22.4,"MVP-12,AS",1997-98
7.0,Shareef Abdur-Rahim (1997-98),21.0,VAN,SF,82.0,82.0,36.0,8.0,16.4,0.485,0.3,0.6,0.412,7.7,15.8,0.488,0.493,6.1,7.8,0.784,2.8,4.3,7.1,2.6,1.1,0.9,3.1,2.5,22.3,,1997-98
8.0,Glen Rice (1997-98),30.0,CHH,SF,82.0,82.0,40.2,7.7,16.9,0.457,1.6,3.7,0.433,6.1,13.2,0.464,0.504,5.2,6.1,0.849,1.1,3.2,4.3,2.2,0.9,0.3,2.2,2.4,22.3,"MVP-11,AS,NBA3",1997-98
9.0,Allen Iverson (1997-98),22.0,PHI,PG,80.0,80.0,39.4,8.1,17.6,0.461,0.9,2.9,0.298,7.2,14.7,0.494,0.486,4.9,6.7,0.729,1.1,2.6,3.7,6.2,2.2,0.3,3.1,2.5,22.0,,1997-98
10.0,Chris Webber (1997-98),24.0,WAS,C,71.0,71.0,39.6,9.1,18.9,0.482,0.9,2.9,0.317,8.2,16.0,0.512,0.507,2.8,4.7,0.589,2.5,7.0,9.5,3.8,1.6,1.7,2.6,3.8,21.9,,1997-98
11.0,David Robinson (1997-98),32.0,SAS,C,73.0,73.0,33.7,7.5,14.6,0.511,0.0,0.1,0.25,7.4,14.5,0.512,0.511,6.6,9.0,0.735,3.3,7.3,10.6,2.7,0.9,2.6,2.8,2.8,21.6,"MVP-7,DPOY-3,AS,NBA2,DEF2",1997-98
12.0,Michael Finley (1997-98),24.0,DAL,SF,82.0,82.0,41.4,8.2,18.4,0.449,1.1,3.0,0.357,7.2,15.4,0.466,0.477,4.0,5.1,0.784,1.8,3.5,5.3,4.9,1.6,0.4,2.7,2.0,21.5,MVP-18,1997-98
13.0,Latrell Sprewell (1997-98),27.0,GSW,SG,14.0,13.0,39.1,7.9,19.8,0.397,0.6,3.4,0.188,7.2,16.4,0.441,0.413,5.0,6.7,0.745,0.5,3.1,3.6,4.9,1.4,0.4,3.1,1.9,21.4,,1997-98
14.0,Tim Duncan (1997-98),21.0,SAS,PF,82.0,82.0,39.1,8.6,15.7,0.549,0.0,0.1,0.0,8.6,15.6,0.553,0.549,3.9,5.9,0.662,3.3,8.6,11.9,2.7,0.7,2.5,3.4,3.1,21.1,"MVP-5,ROY-1,DPOY-5,AS,NBA1,DEF2",1997-98
15.0,Grant Hill (1997-98),25.0,DET,SF,81.0,81.0,40.7,7.6,16.8,0.452,0.0,0.3,0.143,7.6,16.5,0.457,0.453,5.9,8.0,0.74,1.1,6.5,7.7,6.8,1.8,0.7,3.5,2.4,21.1,"MVP-9,AS,NBA2",1997-98
16.0,Patrick Ewing (1997-98),35.0,NYK,C,26.0,26.0,32.6,7.8,15.5,0.504,0.0,0.1,0.0,7.8,15.4,0.506,0.504,5.2,7.2,0.72,2.3,7.9,10.2,1.1,0.6,2.2,3.0,2.8,20.8,,1997-98
17.0,Tom Gugliotta (1997-98),28.0,MIN,SF,41.0,41.0,38.6,7.8,15.5,0.502,0.0,0.4,0.118,7.7,15.1,0.513,0.504,4.5,5.4,0.821,2.6,6.1,8.7,4.1,1.5,0.5,2.7,2.5,20.1,,1997-98
18.0,Steve Smith (1997-98),28.0,ATL,SG,73.0,73.0,39.1,6.7,15.1,0.444,1.3,3.8,0.351,5.4,11.3,0.475,0.488,5.3,6.2,0.855,1.8,2.4,4.2,4.0,1.0,0.4,2.4,3.0,20.1,AS,1997-98
19.0,Eric Williams (1997-98),25.0,DEN,SF,4.0,4.0,36.3,6.0,15.3,0.393,0.0,0.0,,6.0,15.3,0.393,0.393,7.8,11.3,0.689,2.5,2.8,5.3,3.0,1.0,0.0,2.3,2.3,19.8,,1997-98
20.0,Isaiah Rider (1997-98),26.0,POR,SG,74.0,66.0,37.6,7.4,17.6,0.423,1.8,5.7,0.321,5.6,11.9,0.472,0.475,3.0,3.6,0.828,1.3,3.3,4.7,3.1,0.7,0.3,2.5,2.5,19.7,,1997-98
21.0,Keith Van Horn (1997-98),22.0,NJN,PF,62.0,62.0,37.5,7.2,16.9,0.426,1.1,3.6,0.308,6.1,13.3,0.458,0.459,4.2,4.9,0.846,2.3,4.3,6.6,1.7,1.0,0.4,2.6,3.5,19.7,ROY-2,1997-98
22.0,Sam Cassell (1997-98),28.0,NJN,PG,75.0,72.0,34.7,6.8,15.4,0.441,0.2,1.1,0.188,6.6,14.3,0.46,0.448,5.8,6.8,0.86,1.0,2.1,3.0,8.0,1.6,0.3,3.6,3.5,19.6,,1997-98
23.0,Ray Allen (1997-98),22.0,MIL,SG,82.0,82.0,40.1,6.9,16.0,0.428,1.6,4.5,0.364,5.2,11.5,0.453,0.479,4.2,4.8,0.875,1.5,3.4,4.9,4.3,1.4,0.1,3.2,3.0,19.5,,1997-98
24.0,Reggie Miller (1997-98),32.0,IND,SG,81.0,81.0,34.5,6.4,13.3,0.477,2.0,4.7,0.429,4.3,8.6,0.504,0.553,4.7,5.4,0.868,0.6,2.3,2.9,2.1,1.0,0.1,1.6,1.8,19.5,"MVP-16,AS,NBA3",1997-98
25.0,Vin Baker (1997-98),26.0,SEA,C,82.0,82.0,35.9,7.7,14.2,0.542,0.0,0.1,0.143,7.7,14.1,0.545,0.543,3.8,6.4,0.591,3.5,4.5,8.0,1.9,1.1,1.0,2.1,3.4,19.2,"MVP-8,AS,NBA2",1997-98
26.0,Alonzo Mourning (1997-98),27.0,MIA,C,58.0,56.0,33.4,6.9,12.6,0.551,0.0,0.0,,6.9,12.6,0.551,0.551,5.3,8.0,0.665,3.3,6.3,9.6,0.9,0.7,2.2,3.1,3.6,19.2,,1997-98
27.0,Gary Payton (1997-98),29.0,SEA,PG,82.0,82.0,38.4,7.1,15.6,0.453,1.6,4.8,0.338,5.4,10.7,0.505,0.505,3.4,4.6,0.744,0.9,3.6,4.6,8.3,2.3,0.2,2.8,2.4,19.2,"MVP-3,DPOY-2,AS,NBA1,DEF1",1997-98
28.0,Scottie Pippen (1997-98),32.0,CHI,SF,44.0,44.0,37.5,7.2,16.0,0.447,1.4,4.4,0.318,5.8,11.6,0.496,0.491,3.4,4.4,0.777,1.2,4.0,5.2,5.8,1.8,1.0,2.5,2.6,19.1,"MVP-10,DPOY-9,NBA3,DEF1",1997-98
29.0,Tim Hardaway (1997-98),31.0,MIA,PG,81.0,81.0,37.4,6.9,16.0,0.431,1.9,5.5,0.351,5.0,10.5,0.472,0.49,3.2,4.1,0.781,0.6,3.1,3.7,8.3,1.7,0.2,2.8,2.5,18.9,"MVP-6,AS,NBA2",1997-98
30.0,Kevin Garnett (1997-98),21.0,MIN,PF,82.0,82.0,39.3,7.7,15.8,0.491,0.0,0.2,0.188,7.7,15.6,0.495,0.492,3.0,4.0,0.738,2.7,6.9,9.6,4.2,1.7,1.8,2.3,2.7,18.5,"DPOY-11,AS",1997-98
31.0,Juwan Howard (1997-98),24.0,WAS,PF,64.0,64.0,40.0,7.2,15.5,0.467,0.0,0.0,0.0,7.2,15.5,0.468,0.467,4.0,5.6,0.721,2.5,4.5,7.0,3.3,1.3,0.4,2.9,3.5,18.5,,1997-98
32.0,Clyde Drexler (1997-98),35.0,HOU,SG,70.0,70.0,35.3,6.5,15.1,0.427,1.5,4.8,0.317,4.9,10.4,0.477,0.477,4.0,4.9,0.801,1.5,3.4,4.9,5.5,1.8,0.6,2.7,2.8,18.4,,1997-98
33.0,Allan Houston (1997-98),26.0,NYK,SG,82.0,82.0,34.7,7.0,15.6,0.447,1.0,2.6,0.385,6.0,13.0,0.46,0.479,3.5,4.1,0.851,0.5,2.8,3.3,2.6,0.8,0.3,2.4,2.5,18.4,,1997-98
34.0,Shawn Kemp (1997-98),28.0,CLE,PF,80.0,80.0,34.6,6.5,14.6,0.445,0.0,0.1,0.25,6.5,14.5,0.446,0.446,5.1,7.0,0.727,2.7,6.6,9.3,2.5,1.4,1.1,3.4,3.9,18.0,AS,1997-98
35.0,Rod Strickland (1997-98),31.0,WAS,PG,76.0,76.0,39.7,6.4,14.9,0.434,0.2,0.6,0.25,6.3,14.2,0.442,0.439,4.7,6.5,0.726,1.5,3.9,5.3,10.5,1.7,0.3,3.5,2.4,17.8,"MVP-18,NBA2",1997-98
36.0,Stephon Marbury (1997-98),20.0,MIN,PG,82.0,81.0,38.0,6.3,15.1,0.415,1.2,3.7,0.313,5.1,11.4,0.448,0.453,4.0,5.5,0.731,0.7,2.1,2.8,8.6,1.3,0.1,3.1,2.7,17.7,,1997-98
37.0,Corliss Williamson (1997-98),24.0,SAC,SF,79.0,75.0,35.7,7.1,14.4,0.495,0.0,0.1,0.0,7.1,14.2,0.499,0.495,3.5,5.6,0.63,2.1,3.6,5.6,2.9,1.0,0.6,2.5,3.2,17.7,,1997-98
38.0,Derrick Coleman (1997-98),30.0,PHI,PF,59.0,58.0,36.2,6.0,14.7,0.411,0.4,1.7,0.265,5.6,13.0,0.429,0.426,5.1,6.6,0.772,2.5,7.4,9.9,2.5,0.8,1.2,2.7,2.4,17.6,,1997-98
39.0,Damon Stoudamire (1997-98),24.0,2TM,PG,71.0,71.0,40.0,6.3,15.4,0.411,1.3,4.3,0.299,5.0,11.1,0.454,0.452,3.4,4.0,0.829,1.2,3.0,4.2,8.2,1.6,0.1,3.1,2.1,17.3,,1997-98
39.0,Damon Stoudamire (1997-98),24.0,TOR,PG,49.0,49.0,41.5,7.2,17.0,0.425,1.3,4.2,0.317,5.9,12.8,0.46,0.464,3.7,4.3,0.844,1.3,3.1,4.4,8.1,1.6,0.1,3.2,2.3,19.4,,1997-98
39.0,Damon Stoudamire (1997-98),24.0,POR,PG,22.0,22.0,36.6,4.3,11.7,0.364,1.2,4.5,0.263,3.1,7.2,0.428,0.415,2.7,3.4,0.787,1.1,2.6,3.7,8.2,1.5,0.1,2.9,1.7,12.4,,1997-98
40.0,Kerry Kittles (1997-98),23.0,NJN,SG,77.0,76.0,36.5,6.6,15.0,0.44,1.4,3.4,0.418,5.2,11.6,0.447,0.488,2.6,3.2,0.808,1.7,3.0,4.7,2.3,1.7,0.5,1.4,2.0,17.2,,1997-98
41.0,Eddie Jones (1997-98),26.0,LAL,SG,80.0,80.0,36.4,6.1,12.6,0.484,1.8,4.6,0.389,4.3,8.0,0.538,0.555,2.9,3.8,0.765,1.1,2.7,3.8,3.1,2.0,0.7,1.8,2.1,16.9,"AS,DEF2",1997-98
42.0,Terrell Brandon (1997-98),27.0,MIL,PG,50.0,48.0,35.7,6.8,14.6,0.464,0.6,1.9,0.333,6.2,12.8,0.483,0.485,2.6,3.1,0.846,0.5,3.1,3.5,7.7,2.2,0.3,2.9,2.4,16.8,,1997-98
43.0,Rik Smits (1997-98),31.0,IND,C,73.0,69.0,28.6,7.0,14.2,0.495,0.0,0.0,0.0,7.0,14.2,0.497,0.495,2.6,3.3,0.783,1.7,5.2,6.9,1.4,0.5,1.2,1.8,3.3,16.7,"MVP-16,AS",1997-98
44.0,Doug Christie (1997-98),27.0,TOR,SG,78.0,78.0,37.7,5.9,13.7,0.428,1.3,3.9,0.326,4.6,9.8,0.469,0.474,3.5,4.2,0.829,1.2,4.0,5.2,3.6,2.4,0.7,2.9,2.5,16.5,,1997-98
45.0,Anfernee Hardaway (1997-98),26.0,ORL,SG,19.0,15.0,32.9,5.4,14.4,0.377,0.8,2.6,0.3,4.6,11.7,0.395,0.405,4.7,6.2,0.763,0.4,3.6,4.0,3.6,1.5,0.8,2.4,2.4,16.4,AS,1997-98
46.0,Hakeem Olajuwon (1997-98),35.0,HOU,C,47.0,45.0,34.7,6.5,13.5,0.483,0.0,0.1,0.0,6.5,13.4,0.486,0.483,3.4,4.5,0.755,2.5,7.3,9.8,3.0,1.8,2.0,2.7,3.2,16.4,,1997-98
47.0,Bryant Reeves (1997-98),24.0,VAN,C,74.0,74.0,34.1,6.6,12.7,0.523,0.0,0.1,0.0,6.6,12.7,0.525,0.523,3.0,4.3,0.706,2.6,5.3,7.9,2.1,0.5,1.1,2.1,3.8,16.3,,1997-98
48.0,Bison Dele (1997-98),28.0,DET,C,78.0,78.0,33.6,6.8,13.3,0.511,0.0,0.0,0.333,6.8,13.3,0.511,0.511,2.5,3.6,0.707,2.9,6.1,8.9,1.2,0.9,0.7,2.3,3.2,16.2,,1997-98
49.0,Kevin Willis (1997-98),35.0,HOU,PF,81.0,74.0,31.2,6.6,12.9,0.51,0.0,0.1,0.143,6.5,12.8,0.513,0.511,3.0,3.8,0.793,2.9,5.5,8.4,1.0,0.7,0.5,2.1,2.9,16.1,,1997-98
50.0,Arvydas Sabonis (1997-98),33.0,POR,C,73.0,73.0,32.0,5.6,11.3,0.493,0.4,1.6,0.261,5.2,9.7,0.53,0.511,4.4,5.5,0.798,2.0,7.9,10.0,3.0,0.9,1.1,2.6,3.7,16.0,,1997-98
51.0,Rex Chapman (1997-98),30.0,PHO,SG,68.0,67.0,33.3,6.0,14.1,0.427,1.8,4.6,0.386,4.2,9.5,0.447,0.49,2.1,2.8,0.781,0.4,2.1,2.5,3.0,1.0,0.2,1.7,1.5,15.9,,1997-98
52.0,Jerry Stackhouse (1997-98),23.0,2TM,SG,79.0,37.0,32.2,5.4,12.3,0.435,0.6,2.5,0.241,4.8,9.9,0.483,0.459,4.5,5.7,0.787,1.3,2.0,3.4,3.1,1.1,0.7,2.8,2.2,15.8,6MOY-5,1997-98
52.0,Jerry Stackhouse (1997-98),23.0,PHI,SF,22.0,22.0,34.0,5.8,12.9,0.452,0.7,2.1,0.348,5.1,10.8,0.473,0.481,3.7,4.6,0.802,1.3,2.2,3.5,3.0,1.4,1.0,3.4,2.5,16.0,,1997-98
52.0,Jerry Stackhouse (1997-98),23.0,DET,SG,57.0,15.0,31.5,5.2,12.1,0.428,0.5,2.6,0.208,4.6,9.5,0.488,0.45,4.8,6.1,0.782,1.4,2.0,3.3,3.1,1.0,0.7,2.6,2.1,15.7,,1997-98
53.0,Detlef Schrempf (1997-98),35.0,SEA,SF,78.0,78.0,35.2,5.6,11.5,0.487,0.8,1.9,0.415,4.8,9.6,0.501,0.521,3.8,4.5,0.844,1.7,5.4,7.1,4.4,0.8,0.2,2.2,2.6,15.8,,1997-98
54.0,Jim Jackson (1997-98),27.0,2TM,SG,79.0,78.0,38.6,6.0,14.0,0.43,0.8,2.4,0.319,5.3,11.6,0.453,0.458,2.9,3.6,0.812,1.6,3.4,5.1,4.8,1.0,0.1,3.3,2.4,15.7,,1997-98
54.0,Jim Jackson (1997-98),27.0,PHI,SG,48.0,47.0,37.3,5.1,11.1,0.46,0.8,2.3,0.348,4.3,8.8,0.489,0.496,2.6,3.2,0.818,1.4,3.3,4.7,4.6,0.9,0.1,3.0,2.3,13.7,,1997-98
54.0,Jim Jackson (1997-98),27.0,GSW,SG,31.0,31.0,40.6,7.4,18.5,0.402,0.7,2.5,0.278,6.7,15.9,0.422,0.421,3.3,4.1,0.805,2.0,3.6,5.6,5.1,1.2,0.1,3.8,2.4,18.9,,1997-98
55.0,Larry Johnson (1997-98),28.0,NYK,SF,70.0,70.0,34.5,6.1,12.6,0.485,0.2,0.9,0.238,5.9,11.7,0.504,0.494,3.1,4.0,0.756,2.5,3.2,5.7,2.1,0.6,0.2,1.8,2.8,15.5,,1997-98
56.0,Kobe Bryant (1997-98),19.0,LAL,SF,79.0,1.0,26.0,4.9,11.6,0.428,0.9,2.8,0.341,4.0,8.8,0.456,0.469,4.6,5.8,0.794,1.0,2.1,3.1,2.5,0.9,0.5,2.0,2.3,15.4,"6MOY-2,AS",1997-98
57.0,Donyell Marshall (1997-98),24.0,GSW,SF,73.0,73.0,35.8,6.2,14.9,0.414,0.9,2.8,0.313,5.3,12.2,0.436,0.443,2.2,3.0,0.731,2.9,5.7,8.6,2.2,1.3,1.0,2.0,3.1,15.4,,1997-98
58.0,Lamond Murray (1997-98),24.0,LAC,SF,79.0,65.0,32.6,6.0,12.5,0.481,0.7,1.9,0.353,5.3,10.5,0.504,0.508,2.8,3.7,0.748,2.2,3.9,6.1,1.8,1.5,0.7,2.2,2.4,15.4,,1997-98
59.0,Nick Anderson (1997-98),30.0,ORL,SF,58.0,44.0,29.3,5.9,13.0,0.455,1.3,3.7,0.36,4.6,9.3,0.493,0.506,2.2,3.4,0.638,1.7,3.4,5.1,2.1,1.2,0.4,1.5,1.7,15.3,,1997-98
60.0,Ron Mercer (1997-98),21.0,BOS,SG,80.0,62.0,33.3,6.4,14.3,0.45,0.0,0.4,0.107,6.4,14.0,0.458,0.451,2.4,2.8,0.839,1.4,2.1,3.5,2.2,1.6,0.2,1.7,2.7,15.3,,1997-98
61.0,Charles Barkley (1997-98),34.0,HOU,PF,68.0,41.0,33.0,5.3,10.9,0.485,0.3,1.2,0.214,5.0,9.7,0.52,0.497,4.4,5.8,0.746,3.5,8.1,11.7,3.2,1.0,0.4,2.2,2.8,15.2,,1997-98
62.0,Jamal Mashburn (1997-98),25.0,MIA,SF,48.0,48.0,36.0,5.2,12.0,0.435,0.8,2.5,0.303,4.5,9.5,0.47,0.467,3.8,4.8,0.797,1.5,3.4,4.9,2.8,0.9,0.3,2.3,2.9,15.1,,1997-98
63.0,Antonio McDyess (1997-98),23.0,PHO,PF,81.0,81.0,30.1,6.1,11.4,0.536,0.0,0.0,0.0,6.1,11.4,0.537,0.536,2.9,4.1,0.702,2.5,5.0,7.6,1.3,1.2,1.7,1.8,3.6,15.1,,1997-98
64.0,Tracy Murray (1997-98),26.0,WAS,SF,82.0,12.0,27.2,5.5,12.3,0.446,1.9,4.9,0.392,3.5,7.4,0.482,0.524,2.2,2.5,0.871,0.9,2.5,3.4,1.0,0.8,0.3,1.2,2.0,15.1,6MOY-6,1997-98
65.0,Rodney Rogers (1997-98),26.0,LAC,SF,76.0,70.0,32.9,5.6,12.3,0.456,0.9,2.8,0.34,4.7,9.5,0.49,0.494,3.0,4.3,0.686,2.0,3.5,5.6,2.7,1.2,0.5,2.5,3.2,15.1,,1997-98
66.0,Johnny Newman (1997-98),34.0,DEN,SF,74.0,15.0,29.4,4.6,10.8,0.431,0.5,1.4,0.343,4.2,9.4,0.444,0.453,4.9,6.0,0.82,0.7,1.2,1.9,1.9,1.0,0.3,2.0,2.8,14.7,,1997-98
67.0,Wesley Person (1997-98),26.0,CLE,SG,82.0,82.0,39.0,5.4,11.7,0.46,2.3,5.5,0.43,3.0,6.2,0.486,0.56,1.6,2.1,0.776,0.8,3.6,4.4,2.3,1.6,0.6,1.3,1.3,14.7,,1997-98
68.0,Joe Smith (1997-98),22.0,2TM,PF,79.0,55.0,29.7,5.9,13.5,0.434,0.0,0.1,0.0,5.9,13.4,0.437,0.434,2.9,3.7,0.775,2.5,3.4,6.0,1.2,0.8,0.6,2.0,3.3,14.6,,1997-98
68.0,Joe Smith (1997-98),22.0,GSW,PF,49.0,49.0,33.6,7.0,16.3,0.429,0.0,0.1,0.0,7.0,16.2,0.433,0.429,3.3,4.2,0.769,2.9,4.0,6.9,1.4,0.9,0.8,2.2,3.4,17.3,,1997-98
68.0,Joe Smith (1997-98),22.0,PHI,PF,30.0,6.0,23.3,4.0,9.0,0.448,0.0,0.0,0.0,4.0,9.0,0.45,0.448,2.2,2.8,0.788,1.9,2.5,4.4,0.9,0.6,0.4,1.7,3.1,10.3,,1997-98
69.0,Rasheed Wallace (1997-98),23.0,POR,PF,77.0,77.0,37.6,6.1,11.4,0.533,0.1,0.5,0.205,5.9,10.9,0.548,0.537,2.4,3.6,0.662,1.7,4.5,6.2,2.5,1.0,1.1,2.2,3.5,14.6,,1997-98
70.0,LaPhonso Ellis (1997-98),27.0,DEN,SF,76.0,71.0,33.9,5.4,13.3,0.407,0.8,2.6,0.284,4.6,10.6,0.438,0.435,2.7,3.4,0.805,1.9,5.2,7.2,2.8,0.9,0.6,2.3,3.0,14.3,,1997-98
71.0,Alan Henderson (1997-98),25.0,ATL,PF,69.0,33.0,29.0,5.3,10.9,0.485,0.0,0.1,0.5,5.2,10.8,0.485,0.487,3.7,5.6,0.652,2.9,3.5,6.4,1.1,0.6,0.5,1.6,2.5,14.3,MIP-1,1997-98
72.0,Jeff Hornacek (1997-98),34.0,UTA,SG,80.0,80.0,30.8,5.0,10.4,0.482,0.7,1.6,0.441,4.3,8.8,0.489,0.516,3.6,4.0,0.885,0.8,2.6,3.4,4.4,1.4,0.2,1.7,2.2,14.2,,1997-98
73.0,Clifford Robinson (1997-98),31.0,PHO,SF,80.0,64.0,29.5,5.4,11.2,0.479,0.3,1.1,0.321,5.0,10.1,0.496,0.494,3.1,4.5,0.689,1.9,3.2,5.1,2.1,1.2,1.1,1.8,3.1,14.2,,1997-98
74.0,John Wallace (1997-98),23.0,TOR,SF,82.0,36.0,28.8,5.7,11.9,0.478,0.0,0.0,0.5,5.7,11.9,0.478,0.479,2.6,3.6,0.717,1.4,3.1,4.5,1.3,0.8,1.2,2.1,2.9,14.0,,1997-98
75.0,Zydrunas Ilgauskas (1997-98),22.0,CLE,C,82.0,81.0,29.0,5.5,10.7,0.518,0.0,0.0,0.25,5.5,10.6,0.519,0.519,2.8,3.7,0.762,3.4,5.4,8.8,0.9,0.6,1.6,1.8,3.5,13.9,,1997-98
76.0,Christian Laettner (1997-98),28.0,ATL,PF,74.0,49.0,30.8,4.8,9.9,0.485,0.1,0.4,0.222,4.7,9.5,0.495,0.489,4.1,4.8,0.864,1.9,4.7,6.6,2.6,1.0,1.0,2.5,3.3,13.8,,1997-98
77.0,Nick Van Exel (1997-98),26.0,LAL,PG,64.0,46.0,32.1,4.9,11.6,0.419,1.9,4.9,0.389,2.9,6.7,0.44,0.501,2.1,2.7,0.791,0.5,2.5,3.0,6.9,1.0,0.1,1.6,1.9,13.8,AS,1997-98
78.0,Isaac Austin (1997-98),28.0,2TM,C,78.0,50.0,29.1,5.2,11.2,0.466,0.0,0.1,0.0,5.2,11.1,0.47,0.466,3.1,4.7,0.669,2.6,4.6,7.1,2.2,0.8,0.7,2.6,3.0,13.5,,1997-98
78.0,Isaac Austin (1997-98),28.0,MIA,C,52.0,25.0,26.4,4.8,10.2,0.474,0.0,0.1,0.0,4.8,10.2,0.476,0.474,3.0,4.4,0.68,2.3,4.1,6.3,1.7,0.8,0.7,2.3,3.1,12.7,,1997-98
78.0,Isaac Austin (1997-98),28.0,LAC,C,26.0,25.0,34.4,5.9,13.0,0.454,0.0,0.2,0.0,5.9,12.8,0.461,0.454,3.4,5.2,0.652,3.1,5.7,8.7,3.4,0.7,0.8,3.4,2.7,15.2,,1997-98
79.0,Danny Manning (1997-98),31.0,PHO,PF,70.0,11.0,25.6,5.6,10.8,0.516,0.0,0.1,0.0,5.6,10.7,0.521,0.516,2.4,3.2,0.739,1.6,4.0,5.6,2.0,1.0,0.7,1.4,2.9,13.5,6MOY-1,1997-98
80.0,Kendall Gill (1997-98),29.0,NJN,SF,81.0,81.0,33.7,5.2,12.0,0.429,0.3,1.2,0.257,4.8,10.8,0.449,0.443,2.8,4.0,0.688,1.4,3.4,4.8,2.5,1.9,0.8,1.5,3.3,13.4,DPOY-11,1997-98
81.0,Dikembe Mutombo (1997-98),31.0,ATL,C,82.0,82.0,35.6,4.9,9.1,0.537,0.0,0.0,,4.9,9.1,0.537,0.537,3.7,5.5,0.67,3.4,8.0,11.4,1.0,0.4,3.4,2.0,3.1,13.4,"DPOY-1,AS,NBA3,DEF1",1997-98
82.0,Rony Seikaly (1997-98),32.0,2TM,C,56.0,49.0,29.2,4.5,10.3,0.432,0.0,0.0,0.0,4.5,10.3,0.433,0.432,4.4,5.9,0.741,2.6,4.4,7.0,1.4,0.5,0.8,2.6,2.9,13.3,,1997-98
82.0,Rony Seikaly (1997-98),32.0,ORL,C,47.0,47.0,31.6,5.0,11.4,0.441,0.0,0.0,0.0,5.0,11.4,0.442,0.441,4.9,6.5,0.754,2.8,4.8,7.6,1.5,0.5,0.8,2.9,2.9,15.0,,1997-98
82.0,Rony Seikaly (1997-98),32.0,NJN,C,9.0,2.0,16.9,1.4,4.6,0.317,0.0,0.0,,1.4,4.6,0.317,0.317,1.8,3.0,0.593,1.8,2.2,4.0,0.9,0.3,0.4,1.3,3.0,4.7,,1997-98
83.0,Toni Kukoč (1997-98),29.0,CHI,SF,74.0,52.0,30.2,5.2,11.4,0.455,0.9,2.4,0.362,4.3,9.0,0.48,0.493,2.1,3.0,0.708,1.6,2.8,4.4,4.2,1.0,0.5,2.1,2.0,13.3,,1997-98
84.0,Mookie Blaylock (1997-98),30.0,ATL,PG,70.0,69.0,38.6,5.3,13.4,0.392,1.3,4.8,0.269,4.0,8.6,0.46,0.44,1.4,1.9,0.709,1.2,3.7,4.9,6.7,2.6,0.3,2.5,1.7,13.2,"DPOY-5,DEF2",1997-98
85.0,Joe Dumars (1997-98),34.0,DET,SG,72.0,72.0,32.3,4.6,11.0,0.416,2.2,5.9,0.371,2.4,5.1,0.468,0.516,1.8,2.1,0.825,0.2,1.3,1.4,3.5,0.6,0.0,1.2,1.4,13.1,,1997-98
86.0,David Wesley (1997-98),27.0,CHH,PG,81.0,81.0,35.1,4.7,10.7,0.443,0.7,2.1,0.347,4.0,8.6,0.467,0.477,2.8,3.6,0.795,0.6,2.0,2.6,6.5,1.7,0.4,2.8,2.8,13.0,,1997-98
87.0,John Starks (1997-98),32.0,NYK,SG,82.0,10.0,26.7,4.5,11.5,0.393,1.6,4.9,0.327,3.0,6.7,0.441,0.461,2.3,2.9,0.787,0.6,2.2,2.8,2.7,1.0,0.1,1.7,2.5,12.9,6MOY-4,1997-98
88.0,Jayson Williams (1997-98),29.0,NJN,C,65.0,65.0,36.0,4.9,9.9,0.498,0.0,0.1,0.0,4.9,9.9,0.501,0.498,3.0,4.5,0.666,6.8,6.8,13.6,1.0,0.7,0.8,1.5,3.6,12.9,AS,1997-98
89.0,Calbert Cheaney (1997-98),26.0,WAS,SG,82.0,82.0,34.6,5.5,12.0,0.457,0.2,0.6,0.283,5.3,11.3,0.467,0.464,1.7,2.6,0.647,1.0,3.0,4.0,2.1,1.2,0.4,1.3,3.2,12.8,,1997-98
90.0,Anthony Mason (1997-98),31.0,CHH,PF,81.0,80.0,38.9,4.8,9.4,0.509,0.0,0.0,0.0,4.8,9.4,0.512,0.509,3.2,5.0,0.649,2.2,8.0,10.2,4.2,0.8,0.2,1.8,2.2,12.8,DPOY-9,1997-98
91.0,Derek Strong (1997-98),29.0,ORL,PF,58.0,8.0,28.2,4.5,10.6,0.42,0.0,0.1,0.0,4.5,10.6,0.423,0.42,3.8,4.8,0.781,2.6,4.7,7.4,0.9,0.5,0.4,1.3,2.1,12.7,,1997-98
92.0,Voshon Lenard (1997-98),24.0,MIA,SG,81.0,81.0,32.4,4.5,10.5,0.425,1.9,4.7,0.405,2.6,5.9,0.441,0.515,1.7,2.2,0.788,0.9,2.7,3.6,2.2,0.7,0.2,1.2,2.7,12.6,,1997-98
93.0,Anthony Peeler (1997-98),28.0,2TM,SG,38.0,32.0,31.4,5.0,11.1,0.452,1.4,3.3,0.424,3.6,7.8,0.464,0.515,0.9,1.2,0.766,1.0,2.3,3.2,3.6,1.6,0.2,1.3,2.6,12.3,,1997-98
93.0,Anthony Peeler (1997-98),28.0,VAN,SG,8.0,8.0,25.3,4.4,9.0,0.486,0.6,2.4,0.263,3.8,6.6,0.566,0.521,0.5,0.8,0.667,0.8,1.8,2.5,2.9,1.1,0.0,0.8,2.0,9.9,,1997-98
93.0,Anthony Peeler (1997-98),28.0,MIN,SG,30.0,24.0,33.0,5.2,11.6,0.445,1.6,3.5,0.453,3.6,8.1,0.442,0.514,1.1,1.4,0.78,1.0,2.4,3.4,3.8,1.7,0.2,1.5,2.7,13.0,,1997-98
94.0,Sam Mitchell (1997-98),34.0,MIN,SF,81.0,33.0,27.6,4.6,9.9,0.464,0.2,0.5,0.349,4.4,9.3,0.47,0.473,3.0,3.6,0.832,1.5,3.3,4.8,1.3,0.8,0.3,0.8,2.5,12.3,,1997-98
95.0,Kenny Anderson (1997-98),27.0,2TM,PG,61.0,56.0,30.5,4.4,11.0,0.398,0.9,2.6,0.356,3.5,8.4,0.411,0.44,2.5,3.2,0.789,0.6,2.2,2.8,5.7,1.4,0.0,2.3,2.2,12.2,,1997-98
95.0,Kenny Anderson (1997-98),27.0,POR,PG,45.0,40.0,32.7,4.5,11.7,0.387,1.0,3.0,0.353,3.5,8.8,0.398,0.432,2.5,3.2,0.772,0.8,2.2,3.0,5.4,1.4,0.0,2.5,2.2,12.6,,1997-98
95.0,Kenny Anderson (1997-98),27.0,BOS,PG,16.0,16.0,24.1,4.0,9.2,0.435,0.6,1.7,0.37,3.4,7.5,0.45,0.469,2.6,3.1,0.837,0.2,2.3,2.4,6.3,1.6,0.0,1.8,2.3,11.2,,1997-98
96.0,Marcus Camby (1997-98),23.0,TOR,C,63.0,58.0,31.8,4.9,11.9,0.412,0.0,0.0,0.0,4.9,11.8,0.413,0.412,2.4,3.9,0.611,3.2,4.2,7.4,1.8,1.1,3.7,2.1,3.2,12.1,,1997-98
97.0,Brian Grant (1997-98),25.0,POR,SF,61.0,49.0,31.5,4.6,9.1,0.508,0.0,0.0,0.0,4.6,9.1,0.509,0.508,2.8,3.7,0.75,3.2,5.9,9.1,1.4,0.7,0.7,1.8,3.0,12.1,,1997-98
98.0,Horace Grant (1997-98),32.0,ORL,C,76.0,76.0,36.9,5.2,11.3,0.459,0.0,0.1,0.0,5.2,11.2,0.462,0.459,1.8,2.6,0.678,3.0,5.1,8.1,2.3,1.1,1.0,1.2,2.4,12.1,DPOY-11,1997-98
99.0,Lindsey Hunter (1997-98),27.0,DET,PG,71.0,67.0,35.3,4.5,11.6,0.383,1.2,3.7,0.321,3.3,7.9,0.412,0.434,2.0,2.8,0.74,0.9,2.6,3.5,3.2,1.7,0.1,1.5,2.5,12.1,,1997-98
100.0,Rick Fox (1997-98),28.0,LAL,SF,82.0,82.0,33.0,4.4,9.4,0.471,1.0,3.2,0.325,3.4,6.2,0.547,0.527,2.1,2.8,0.743,1.0,3.4,4.4,3.4,1.2,0.6,2.5,3.8,12.0,,1997-98
101.0,John Stockton (1997-98),35.0,UTA,PG,64.0,64.0,29.0,4.2,8.0,0.528,0.6,1.4,0.429,3.6,6.6,0.55,0.567,3.0,3.6,0.827,0.5,2.0,2.6,8.5,1.4,0.2,2.5,2.2,12.0,MVP-13,1997-98
102.0,Erick Dampier (1997-98),22.0,GSW,C,82.0,82.0,32.4,4.3,9.6,0.445,0.0,0.0,0.0,4.3,9.6,0.446,0.445,3.3,4.9,0.669,3.3,5.4,8.7,1.1,0.5,1.7,2.1,3.4,11.8,,1997-98
103.0,Dale Ellis (1997-98),37.0,SEA,SF,79.0,0.0,24.5,4.4,8.9,0.497,1.6,3.5,0.464,2.8,5.4,0.519,0.588,1.4,1.8,0.782,0.6,1.7,2.3,1.1,0.8,0.1,0.9,1.6,11.8,6MOY-3,1997-98
104.0,Gary Trent (1997-98),23.0,2TM,PF,54.0,20.0,25.2,4.5,9.4,0.477,0.1,0.2,0.333,4.4,9.1,0.481,0.481,2.7,3.9,0.679,2.3,4.0,6.3,1.3,0.6,0.5,1.7,3.0,11.7,,1997-98
104.0,Gary Trent (1997-98),23.0,POR,PF,41.0,13.0,24.5,4.3,8.8,0.493,0.1,0.2,0.444,4.2,8.5,0.494,0.499,2.8,4.0,0.693,2.0,3.8,5.7,1.4,0.7,0.5,1.8,2.8,11.5,,1997-98
104.0,Gary Trent (1997-98),23.0,TOR,PF,13.0,7.0,27.3,4.9,11.2,0.438,0.0,0.2,0.0,4.9,11.0,0.448,0.438,2.4,3.8,0.633,3.3,4.7,8.0,1.1,0.6,0.6,1.7,3.5,12.2,,1997-98
105.0,Derek Anderson (1997-98),23.0,CLE,SF,66.0,13.0,27.9,3.6,8.9,0.408,0.3,1.3,0.202,3.4,7.6,0.442,0.422,4.2,4.8,0.873,0.8,2.0,2.8,3.4,1.3,0.2,1.9,2.1,11.7,,1997-98
106.0,Bobby Jackson (1997-98),24.0,DEN,PG,68.0,53.0,30.0,4.6,11.6,0.392,0.3,1.2,0.259,4.3,10.4,0.407,0.405,2.2,2.7,0.814,1.1,3.3,4.4,4.7,1.5,0.2,2.7,2.4,11.6,,1997-98
107.0,Jason Kidd (1997-98),24.0,PHO,PG,82.0,82.0,38.0,4.4,10.5,0.416,0.9,2.8,0.313,3.5,7.6,0.454,0.458,2.0,2.5,0.799,1.3,4.9,6.2,9.1,2.0,0.3,3.2,1.7,11.6,"MVP-13,AS",1997-98
108.0,Chris Gatling (1997-98),30.0,NJN,PF,57.0,16.0,23.8,4.4,9.6,0.455,0.0,0.1,0.25,4.3,9.5,0.457,0.456,2.8,4.6,0.6,2.1,3.8,5.9,0.9,0.9,0.5,1.7,2.7,11.5,,1997-98
109.0,Maurice Taylor (1997-98),21.0,LAC,PF,71.0,3.0,21.3,4.5,9.5,0.476,0.0,0.0,0.0,4.5,9.5,0.476,0.476,2.4,3.4,0.709,1.7,2.5,4.2,0.7,0.5,0.6,1.5,3.1,11.5,,1997-98
110.0,Cedric Ceballos (1997-98),28.0,2TM,SF,47.0,25.0,21.1,4.3,8.8,0.492,0.4,1.5,0.3,3.9,7.3,0.53,0.517,2.3,3.1,0.738,1.6,3.1,4.7,1.3,0.7,0.3,1.5,1.9,11.4,,1997-98
110.0,Cedric Ceballos (1997-98),28.0,PHO,SF,35.0,16.0,17.9,3.7,7.4,0.5,0.4,1.4,0.3,3.3,5.9,0.548,0.529,1.7,2.4,0.714,1.5,2.8,4.3,1.0,0.6,0.2,1.1,1.7,9.5,,1997-98
110.0,Cedric Ceballos (1997-98),28.0,DAL,SF,12.0,9.0,30.3,6.3,13.1,0.478,0.5,1.7,0.3,5.8,11.4,0.504,0.497,3.9,5.1,0.77,2.0,4.0,6.0,2.1,0.9,0.7,2.8,2.4,16.9,,1997-98
111.0,Shawn Bradley (1997-98),25.0,DAL,C,64.0,46.0,28.5,4.7,11.1,0.422,0.0,0.0,0.333,4.7,11.1,0.422,0.423,2.0,2.8,0.722,2.6,5.5,8.1,0.9,0.8,3.3,1.5,3.3,11.4,,1997-98
112.0,Luc Longley (1997-98),29.0,CHI,C,58.0,58.0,29.4,4.8,10.5,0.455,0.0,0.0,,4.8,10.5,0.455,0.455,1.9,2.6,0.736,1.9,3.9,5.9,2.8,0.6,1.1,2.2,3.6,11.4,,1997-98
113.0,Matt Geiger (1997-98),28.0,CHH,C,78.0,42.0,23.6,4.6,9.1,0.505,0.0,0.1,0.091,4.6,8.9,0.511,0.506,2.2,3.0,0.712,2.5,4.2,6.7,1.0,0.9,1.1,1.4,2.4,11.3,,1997-98
114.0,Chris Mullin (1997-98),34.0,IND,SF,82.0,82.0,26.5,4.1,8.4,0.481,1.3,3.0,0.44,2.8,5.5,0.503,0.559,1.9,2.0,0.939,0.5,2.6,3.0,2.3,1.2,0.5,1.4,2.3,11.3,,1997-98
115.0,Eric Piatkowski (1997-98),27.0,LAC,SG,67.0,35.0,26.0,3.8,8.5,0.452,1.6,3.9,0.409,2.3,4.6,0.489,0.546,2.1,2.5,0.824,1.0,2.5,3.5,1.3,0.8,0.2,1.2,2.0,11.3,,1997-98
116.0,Chauncey Billups (1997-98),21.0,2TM,PG,80.0,70.0,27.7,3.5,9.4,0.374,1.3,4.1,0.329,2.2,5.3,0.408,0.445,2.8,3.3,0.85,0.8,1.6,2.4,3.9,1.3,0.1,2.2,2.2,11.2,,1997-98
116.0,Chauncey Billups (1997-98),21.0,BOS,PG,51.0,44.0,25.4,3.5,8.9,0.39,1.3,3.7,0.339,2.2,5.2,0.426,0.46,2.9,3.5,0.817,0.8,1.4,2.2,4.3,1.5,0.0,2.3,2.3,11.1,,1997-98
116.0,Chauncey Billups (1997-98),21.0,TOR,PG,29.0,26.0,31.7,3.6,10.2,0.349,1.5,4.7,0.316,2.1,5.5,0.377,0.422,2.7,3.0,0.919,0.8,1.9,2.7,3.3,1.0,0.1,1.9,1.9,11.3,,1997-98
117.0,Armen Gilliam (1997-98),33.0,MIL,PF,82.0,25.0,25.8,4.0,8.2,0.484,0.0,0.0,0.0,4.0,8.2,0.487,0.484,3.3,4.1,0.802,1.8,3.6,5.4,1.3,0.8,0.5,1.8,2.2,11.2,,1997-98
118.0,Hubert Davis (1997-98),27.0,DAL,SG,81.0,30.0,29.4,4.3,9.5,0.456,1.2,2.8,0.439,3.1,6.6,0.464,0.522,1.2,1.4,0.836,0.4,1.7,2.1,1.9,0.5,0.1,1.1,1.4,11.1,,1997-98
119.0,Dennis Scott (1997-98),29.0,2TM,SF,81.0,45.0,28.3,4.1,10.2,0.397,1.5,4.2,0.365,2.5,6.0,0.42,0.473,1.3,1.6,0.808,0.6,2.5,3.0,1.9,0.7,0.5,1.3,1.9,11.0,,1997-98
119.0,Dennis Scott (1997-98),29.0,DAL,SF,52.0,42.0,34.6,5.0,12.8,0.387,1.8,5.3,0.344,3.2,7.6,0.417,0.458,1.9,2.3,0.822,0.8,3.0,3.8,2.5,0.8,0.6,1.8,2.3,13.6,,1997-98
119.0,Dennis Scott (1997-98),29.0,PHO,SF,29.0,3.0,17.0,2.4,5.6,0.438,1.1,2.4,0.449,1.4,3.2,0.43,0.534,0.3,0.4,0.667,0.3,1.4,1.7,0.8,0.3,0.2,0.4,1.1,6.2,,1997-98
120.0,Tim Thomas (1997-98),20.0,PHI,SF,77.0,48.0,23.1,4.0,8.9,0.447,0.8,2.2,0.363,3.2,6.7,0.476,0.493,2.2,3.0,0.74,1.4,2.4,3.7,1.2,0.7,0.2,1.5,2.4,11.0,,1997-98
121.0,Brent Barry (1997-98),26.0,2TM,SG,58.0,36.0,27.6,3.7,8.7,0.421,1.6,3.9,0.393,2.1,4.8,0.444,0.51,2.0,2.3,0.858,0.5,2.4,2.9,2.6,1.1,0.5,1.8,2.0,10.9,,1997-98
121.0,Brent Barry (1997-98),26.0,LAC,SG,41.0,36.0,32.7,4.6,10.8,0.428,1.9,4.8,0.4,2.7,6.1,0.45,0.516,2.5,3.0,0.844,0.7,2.8,3.5,3.2,1.2,0.6,2.3,2.1,13.7,,1997-98
121.0,Brent Barry (1997-98),26.0,MIA,SG,17.0,0.0,15.2,1.4,3.6,0.371,0.7,2.0,0.353,0.6,1.6,0.393,0.468,0.7,0.7,1.0,0.1,1.5,1.6,1.2,0.8,0.2,0.5,1.8,4.1,,1997-98
122.0,Blue Edwards (1997-98),32.0,VAN,SG,81.0,20.0,24.3,4.0,9.2,0.439,0.5,1.5,0.333,3.5,7.7,0.46,0.466,2.2,2.7,0.837,0.8,1.9,2.7,2.5,1.1,0.3,1.7,2.3,10.8,,1997-98
123.0,Sam Mack (1997-98),27.0,VAN,SF,57.0,54.0,24.8,3.9,9.8,0.397,1.9,4.7,0.409,2.0,5.1,0.386,0.496,1.1,1.4,0.805,0.5,1.8,2.3,1.8,0.7,0.2,1.2,2.1,10.8,,1997-98
124.0,Hersey Hawkins (1997-98),31.0,SEA,SG,82.0,82.0,31.7,3.4,7.8,0.44,1.5,3.7,0.415,1.9,4.1,0.463,0.539,2.2,2.5,0.868,0.9,3.2,4.1,2.7,1.8,0.2,1.2,1.9,10.5,,1997-98
125.0,Billy Owens (1997-98),28.0,SAC,SF,78.0,78.0,30.1,4.3,9.3,0.464,0.3,0.9,0.371,4.0,8.4,0.474,0.482,1.5,2.5,0.589,2.2,5.3,7.5,2.8,1.2,0.5,2.0,3.0,10.5,,1997-98
126.0,Vlade Divac (1997-98),29.0,CHH,C,64.0,41.0,28.2,4.2,8.4,0.498,0.0,0.2,0.214,4.1,8.2,0.506,0.501,2.0,2.9,0.691,2.9,5.2,8.1,2.7,1.3,1.5,1.8,2.8,10.4,,1997-98
127.0,Bobby Phills (1997-98),28.0,CHH,SG,62.0,61.0,30.4,4.0,8.9,0.446,0.7,1.8,0.386,3.3,7.1,0.461,0.486,1.7,2.3,0.757,1.0,2.5,3.5,3.0,1.3,0.3,1.7,2.9,10.4,,1997-98
128.0,Walt Williams (1997-98),27.0,2TM,SF,59.0,17.0,24.9,3.6,9.2,0.386,1.4,3.7,0.365,2.2,5.5,0.4,0.46,1.8,2.1,0.864,0.8,2.5,3.4,2.1,1.0,0.6,1.6,2.7,10.3,,1997-98
128.0,Walt Williams (1997-98),27.0,TOR,SF,28.0,16.0,31.3,4.5,11.4,0.392,1.8,4.6,0.38,2.7,6.8,0.4,0.469,1.8,2.1,0.817,1.0,3.3,4.2,2.5,1.4,0.8,1.9,3.6,12.4,,1997-98
128.0,Walt Williams (1997-98),27.0,POR,SF,31.0,1.0,19.2,2.7,7.3,0.378,1.0,2.9,0.344,1.7,4.4,0.4,0.447,1.9,2.1,0.908,0.7,1.9,2.6,1.7,0.6,0.4,1.3,2.0,8.4,,1997-98
129.0,Darrick Martin (1997-98),26.0,LAC,PG,82.0,63.0,28.0,3.4,8.9,0.377,1.3,3.6,0.365,2.0,5.3,0.384,0.45,2.2,2.6,0.848,0.2,1.8,2.0,4.0,1.0,0.1,1.9,2.4,10.3,,1997-98
130.0,Otis Thorpe (1997-98),35.0,2TM,PF,74.0,66.0,29.7,4.0,8.4,0.471,0.0,0.1,0.0,4.0,8.4,0.475,0.471,2.2,3.2,0.683,2.0,5.2,7.3,3.0,0.6,0.4,2.1,3.2,10.2,,1997-98
130.0,Otis Thorpe (1997-98),35.0,VAN,PF,47.0,46.0,33.5,4.4,9.1,0.477,0.0,0.1,0.0,4.4,9.1,0.481,0.477,2.5,3.6,0.694,2.1,5.8,7.9,3.4,0.6,0.5,2.4,3.4,11.2,,1997-98
130.0,Otis Thorpe (1997-98),35.0,SAC,PF,27.0,20.0,23.1,3.3,7.2,0.459,0.0,0.0,0.0,3.3,7.1,0.461,0.459,1.7,2.6,0.657,1.9,4.3,6.1,2.3,0.7,0.3,1.4,3.0,8.3,,1997-98
131.0,Tyrone Corbin (1997-98),35.0,ATL,SF,79.0,79.0,34.2,4.2,9.5,0.439,0.6,1.8,0.348,3.5,7.7,0.46,0.472,1.3,1.6,0.789,1.0,3.6,4.6,2.2,1.3,0.1,1.1,2.5,10.2,,1997-98
132.0,Danny Fortson (1997-98),21.0,DEN,PF,80.0,23.0,22.6,3.5,7.6,0.452,0.0,0.0,0.333,3.4,7.6,0.452,0.453,3.3,4.2,0.776,2.3,3.3,5.6,1.0,0.6,0.4,2.0,3.9,10.2,,1997-98
133.0,Avery Johnson (1997-98),32.0,SAS,PG,75.0,73.0,35.7,4.3,8.9,0.478,0.0,0.2,0.154,4.3,8.8,0.485,0.48,1.6,2.2,0.726,0.4,1.6,2.0,7.9,1.1,0.2,2.2,1.9,10.2,,1997-98
134.0,Tony Delk (1997-98),24.0,2TM,PG,77.0,9.0,21.8,4.1,10.4,0.393,0.5,2.0,0.268,3.5,8.3,0.424,0.42,1.4,2.0,0.735,0.5,1.7,2.2,2.2,0.9,0.2,1.4,1.2,10.1,,1997-98
134.0,Tony Delk (1997-98),24.0,CHH,PG,3.0,0.0,11.3,1.0,1.3,0.75,0.3,0.3,1.0,0.7,1.0,0.667,0.875,0.3,0.7,0.5,0.0,0.7,0.7,1.0,0.0,0.0,1.3,2.7,2.7,,1997-98
134.0,Tony Delk (1997-98),24.0,GSW,PG,74.0,9.0,22.3,4.2,10.7,0.392,0.6,2.1,0.263,3.6,8.6,0.423,0.418,1.5,2.0,0.738,0.5,1.8,2.3,2.3,1.0,0.2,1.4,1.2,10.4,,1997-98
135.0,Elden Campbell (1997-98),29.0,LAL,PF,81.0,28.0,22.0,3.6,7.7,0.463,0.0,0.0,0.5,3.6,7.7,0.463,0.464,2.9,4.2,0.693,1.8,3.9,5.6,1.0,0.4,1.3,1.4,2.6,10.1,,1997-98
136.0,Cedric Henderson (1997-98),22.0,CLE,SF,82.0,71.0,30.8,4.2,8.8,0.48,0.0,0.0,0.0,4.2,8.8,0.483,0.48,1.7,2.3,0.716,0.9,3.1,4.0,2.0,1.2,0.5,2.0,2.9,10.1,,1997-98
137.0,Tyrone Hill (1997-98),29.0,MIL,PF,57.0,56.0,36.2,3.6,7.3,0.498,0.0,0.0,0.0,3.6,7.3,0.499,0.498,2.7,4.5,0.608,3.7,6.9,10.7,1.5,1.2,0.5,1.9,4.0,10.0,,1997-98
138.0,Theo Ratliff (1997-98),24.0,2TM,C,82.0,67.0,29.8,3.7,7.3,0.513,0.0,0.0,,3.7,7.3,0.513,0.513,2.4,3.4,0.701,2.7,4.0,6.7,0.7,0.6,3.1,1.4,3.6,9.9,,1997-98
138.0,Theo Ratliff (1997-98),24.0,DET,C,24.0,12.0,24.4,2.4,4.6,0.514,0.0,0.0,,2.4,4.6,0.514,0.514,1.8,2.6,0.683,1.9,3.1,5.0,0.6,0.5,2.3,1.4,3.5,6.5,,1997-98
138.0,Theo Ratliff (1997-98),24.0,PHI,C,58.0,55.0,32.1,4.3,8.4,0.512,0.0,0.0,,4.3,8.4,0.512,0.512,2.7,3.8,0.706,3.0,4.3,7.3,0.7,0.7,3.5,1.4,3.6,11.2,,1997-98
139.0,Chris Carr (1997-98),23.0,MIN,SG,51.0,40.0,22.8,3.7,8.9,0.42,0.8,2.5,0.315,2.9,6.4,0.462,0.465,1.6,1.9,0.848,0.8,2.2,3.0,1.7,0.3,0.2,1.4,2.5,9.9,,1997-98
140.0,Dana Barros (1997-98),30.0,BOS,PG,80.0,15.0,21.1,3.5,7.6,0.461,1.3,3.1,0.407,2.3,4.5,0.499,0.544,1.5,1.8,0.847,0.4,1.6,1.9,3.6,1.0,0.1,1.3,1.6,9.8,,1997-98
141.0,Chris Mills (1997-98),28.0,NYK,SF,80.0,29.0,27.3,3.7,8.4,0.433,0.5,1.7,0.292,3.2,6.7,0.468,0.462,1.9,2.4,0.804,1.5,3.6,5.1,1.7,0.6,0.4,1.3,2.7,9.7,,1997-98
142.0,P.J. Brown (1997-98),28.0,MIA,PF,74.0,74.0,31.9,3.8,8.0,0.471,0.0,0.0,,3.8,8.0,0.471,0.471,2.0,2.7,0.766,3.2,5.4,8.6,1.4,0.9,1.3,1.3,3.6,9.6,,1997-98
143.0,Antonio Davis (1997-98),29.0,IND,PF,82.0,12.0,26.7,3.1,6.4,0.481,0.0,0.0,0.0,3.1,6.4,0.484,0.481,3.4,4.9,0.696,2.3,4.5,6.8,0.7,0.5,0.9,1.3,2.9,9.6,,1997-98
144.0,Walter McCarty (1997-98),23.0,BOS,SF,82.0,64.0,28.5,3.6,8.9,0.404,0.7,2.1,0.309,2.9,6.8,0.434,0.441,1.8,2.4,0.742,1.7,2.7,4.4,2.2,1.3,0.5,1.7,3.3,9.6,,1997-98
145.0,Vinny Del Negro (1997-98),31.0,SAS,SG,54.0,38.0,31.9,3.9,8.9,0.441,0.3,0.7,0.436,3.6,8.1,0.441,0.458,1.4,1.7,0.796,0.2,2.6,2.8,3.4,0.7,0.1,1.0,2.1,9.5,,1997-98
146.0,Lawrence Funderburke (1997-98),27.0,SAC,PF,52.0,1.0,21.0,3.7,7.5,0.49,0.0,0.1,0.143,3.7,7.4,0.496,0.491,2.1,3.1,0.679,1.5,3.0,4.5,1.2,0.4,0.3,1.2,1.1,9.5,,1997-98
147.0,Kevin Johnson (1997-98),31.0,PHO,PG,50.0,12.0,25.8,3.1,6.9,0.447,0.1,0.5,0.154,3.0,6.4,0.47,0.452,3.2,3.7,0.871,0.7,2.6,3.3,4.9,0.5,0.2,2.0,1.1,9.5,,1997-98
148.0,Bo Outlaw (1997-98),26.0,ORL,PF,82.0,76.0,36.0,3.7,6.6,0.554,0.0,0.0,0.25,3.7,6.6,0.557,0.555,2.2,3.8,0.575,3.1,4.7,7.8,2.6,1.3,2.2,2.1,3.2,9.5,DPOY-5,1997-98
149.0,Terry Porter (1997-98),34.0,MIN,PG,82.0,8.0,21.8,3.2,7.0,0.449,1.1,2.8,0.395,2.0,4.2,0.485,0.529,2.0,2.4,0.856,0.5,1.6,2.0,3.3,0.8,0.2,1.3,1.3,9.5,,1997-98
150.0,Mark Price (1997-98),33.0,ORL,PG,63.0,33.0,22.7,3.6,8.4,0.431,0.8,2.5,0.335,2.8,6.0,0.471,0.48,1.4,1.6,0.845,0.4,1.7,2.0,4.7,0.8,0.1,2.6,1.5,9.5,,1997-98
151.0,Dell Curry (1997-98),33.0,CHH,SG,52.0,1.0,18.7,3.7,8.3,0.447,1.2,2.8,0.421,2.6,5.6,0.46,0.517,0.8,1.0,0.788,0.5,1.4,1.9,1.3,0.6,0.1,1.0,1.6,9.4,,1997-98
152.0,Jalen Rose (1997-98),25.0,IND,SF,82.0,0.0,20.8,3.5,7.4,0.478,0.3,0.9,0.342,3.2,6.5,0.496,0.498,2.0,2.8,0.728,0.3,2.0,2.4,1.9,0.7,0.2,1.6,2.1,9.4,,1997-98
153.0,Clarence Weatherspoon (1997-98),27.0,2TM,PF,79.0,49.0,29.4,3.4,7.7,0.441,0.0,0.0,,3.4,7.7,0.441,0.441,2.5,3.5,0.722,2.5,5.0,7.5,1.1,1.1,0.9,1.5,2.5,9.3,,1997-98
153.0,Clarence Weatherspoon (1997-98),27.0,PHI,PF,48.0,18.0,26.9,2.9,6.9,0.426,0.0,0.0,,2.9,6.9,0.426,0.426,2.6,3.6,0.707,2.3,4.7,7.0,0.8,0.9,1.1,1.4,2.3,8.4,,1997-98
153.0,Clarence Weatherspoon (1997-98),27.0,GSW,PF,31.0,31.0,33.4,4.1,8.9,0.458,0.0,0.0,,4.1,8.9,0.458,0.458,2.5,3.3,0.748,2.9,5.5,8.3,1.6,1.4,0.7,1.6,2.8,10.7,,1997-98
154.0,Sean Elliott (1997-98),29.0,SAS,SF,36.0,36.0,28.1,3.4,8.4,0.403,0.9,2.5,0.378,2.4,5.9,0.413,0.459,1.6,2.2,0.718,0.4,3.0,3.4,1.7,0.7,0.4,1.6,2.6,9.3,,1997-98
155.0,Ron Harper (1997-98),34.0,CHI,PG,82.0,82.0,27.9,3.6,8.1,0.441,0.2,1.0,0.19,3.4,7.1,0.477,0.453,2.0,2.6,0.75,1.3,2.2,3.5,2.9,1.3,0.6,1.1,2.2,9.3,,1997-98
156.0,Eldridge Recasner (1997-98),30.0,ATL,SG,59.0,14.0,24.6,3.5,7.7,0.456,1.1,2.5,0.419,2.4,5.2,0.474,0.524,1.3,1.3,0.937,0.5,1.9,2.4,2.0,0.7,0.0,1.5,1.6,9.3,,1997-98
157.0,Darrell Armstrong (1997-98),29.0,ORL,PG,48.0,17.0,25.8,3.3,7.9,0.411,0.5,1.4,0.368,2.7,6.5,0.42,0.443,2.2,2.6,0.854,1.4,2.0,3.3,4.9,1.2,0.1,2.3,2.0,9.2,,1997-98
158.0,Anthony Goldwire (1997-98),26.0,DEN,PG,82.0,32.0,27.0,3.3,7.8,0.423,0.8,2.0,0.384,2.5,5.8,0.436,0.472,1.8,2.3,0.806,0.5,1.3,1.8,3.4,1.0,0.1,1.0,1.8,9.2,,1997-98
159.0,Dee Brown (1997-98),29.0,2TM,SG,72.0,12.0,23.9,3.4,7.8,0.438,1.5,3.8,0.399,1.9,4.0,0.474,0.534,0.8,1.0,0.817,0.3,1.8,2.1,2.1,1.1,0.3,1.0,1.7,9.1,,1997-98
159.0,Dee Brown (1997-98),29.0,BOS,SG,41.0,10.0,19.8,2.7,6.2,0.427,1.0,2.8,0.381,1.6,3.5,0.465,0.512,0.5,0.7,0.679,0.2,1.3,1.5,1.3,1.1,0.1,0.8,1.9,6.8,,1997-98
159.0,Dee Brown (1997-98),29.0,TOR,SG,31.0,2.0,29.3,4.4,9.9,0.446,2.1,5.1,0.411,2.3,4.8,0.483,0.552,1.3,1.4,0.907,0.5,2.5,2.9,3.3,1.2,0.5,1.3,1.5,12.2,,1997-98
160.0,Steve Nash (1997-98),23.0,PHO,PG,76.0,9.0,21.9,3.5,7.7,0.459,1.1,2.6,0.415,2.5,5.1,0.481,0.528,1.0,1.1,0.86,0.4,1.7,2.1,3.4,0.8,0.1,1.3,1.9,9.1,,1997-98
161.0,Brevin Knight (1997-98),22.0,CLE,PG,80.0,76.0,31.0,3.3,7.4,0.441,0.0,0.1,0.0,3.3,7.3,0.446,0.441,2.5,3.1,0.801,0.8,2.3,3.2,8.2,2.5,0.2,2.4,3.4,9.0,DPOY-11,1997-98
162.0,Charles Oakley (1997-98),34.0,NYK,PF,79.0,79.0,34.6,3.9,8.8,0.44,0.0,0.1,0.0,3.9,8.8,0.444,0.44,1.2,1.4,0.851,2.8,6.4,9.2,2.5,1.6,0.3,1.6,3.5,9.0,DEF2,1997-98
163.0,Bryon Russell (1997-98),27.0,UTA,SF,82.0,7.0,27.1,2.8,6.4,0.43,0.9,2.6,0.341,1.9,3.8,0.492,0.5,2.6,3.4,0.766,1.0,3.0,4.0,1.2,1.1,0.4,1.0,2.8,9.0,,1997-98
164.0,Lorenzen Wright (1997-98),22.0,LAC,C,69.0,38.0,30.0,3.5,7.9,0.445,0.0,0.0,0.0,3.5,7.8,0.446,0.445,2.0,3.1,0.659,2.6,6.2,8.8,0.8,0.8,1.3,1.2,3.4,9.0,,1997-98
165.0,Samaki Walker (1997-98),21.0,DAL,PF,41.0,19.0,25.0,3.8,7.8,0.486,0.0,0.0,0.0,3.8,7.8,0.488,0.486,1.3,2.4,0.546,2.3,5.0,7.4,0.6,0.7,1.0,1.5,3.1,8.9,,1997-98
166.0,Jaren Jackson (1997-98),30.0,SAS,SG,82.0,45.0,27.1,3.1,8.0,0.394,1.4,3.6,0.377,1.8,4.4,0.409,0.48,1.1,1.4,0.797,0.7,1.9,2.6,1.9,0.7,0.1,1.3,2.7,8.8,,1997-98
167.0,Khalid Reeves (1997-98),25.0,DAL,PG,82.0,54.0,23.8,3.0,7.2,0.418,0.7,1.9,0.368,2.3,5.4,0.435,0.465,2.0,2.6,0.775,0.7,1.6,2.3,2.8,1.0,0.1,1.6,2.4,8.7,,1997-98
168.0,Derek Harper (1997-98),36.0,ORL,SG,66.0,45.0,26.7,3.4,8.2,0.417,0.9,2.5,0.36,2.5,5.7,0.442,0.471,0.8,1.2,0.696,0.3,1.2,1.6,3.5,1.1,0.2,1.5,2.1,8.6,,1997-98
169.0,Popeye Jones (1997-98),27.0,TOR,PF,14.0,4.0,25.1,3.7,9.1,0.409,0.1,0.2,0.667,3.6,8.9,0.403,0.417,1.0,1.4,0.737,3.6,3.7,7.3,1.3,0.7,0.2,1.1,2.8,8.6,,1997-98
170.0,Matt Maloney (1997-98),26.0,HOU,PG,78.0,78.0,28.4,3.1,7.5,0.408,1.6,4.4,0.364,1.4,3.1,0.471,0.515,0.8,1.0,0.833,0.2,1.6,1.8,2.8,0.8,0.1,1.4,1.3,8.6,,1997-98
171.0,Tony Battie (1997-98),21.0,DEN,PF,65.0,49.0,23.2,3.6,8.1,0.446,0.0,0.2,0.214,3.6,7.9,0.452,0.449,1.1,1.6,0.702,2.1,3.3,5.4,0.9,0.8,1.1,1.5,3.1,8.4,,1997-98
172.0,Mario Elie (1997-98),34.0,HOU,SF,73.0,59.0,27.2,2.8,6.2,0.452,0.8,2.6,0.291,2.1,3.7,0.566,0.512,2.0,2.4,0.833,0.5,1.6,2.1,3.0,1.1,0.1,1.4,1.6,8.4,,1997-98
173.0,Eddie Johnson (1997-98),38.0,HOU,SF,75.0,1.0,19.9,3.0,7.3,0.417,0.9,2.6,0.333,2.1,4.6,0.465,0.478,1.5,1.8,0.831,0.7,1.4,2.0,1.2,0.4,0.0,0.8,1.2,8.4,,1997-98
174.0,Shandon Anderson (1997-98),24.0,UTA,SG,82.0,2.0,19.5,3.3,6.1,0.538,0.1,0.4,0.219,3.2,5.7,0.56,0.545,1.7,2.3,0.735,1.0,1.7,2.8,1.1,0.8,0.2,1.1,1.8,8.3,,1997-98
175.0,Mark Jackson (1997-98),32.0,IND,PG,82.0,82.0,29.4,3.0,7.3,0.416,0.5,1.7,0.314,2.5,5.6,0.447,0.452,1.7,2.2,0.761,0.8,3.1,3.9,8.7,1.0,0.0,2.1,1.6,8.3,,1997-98
176.0,Cory Alexander (1997-98),24.0,2TM,PG,60.0,22.0,21.6,2.9,6.7,0.428,1.1,2.9,0.375,1.8,3.7,0.469,0.51,1.3,1.7,0.784,0.3,2.2,2.4,3.5,1.2,0.2,1.9,1.6,8.1,,1997-98
176.0,Cory Alexander (1997-98),24.0,SAS,PG,37.0,3.0,13.5,1.6,3.9,0.414,0.5,1.7,0.313,1.1,2.2,0.494,0.483,0.7,1.0,0.676,0.2,1.1,1.3,1.9,0.7,0.1,1.3,1.4,4.5,,1997-98
176.0,Cory Alexander (1997-98),24.0,DEN,PG,23.0,19.0,34.7,4.8,11.1,0.435,2.0,4.9,0.411,2.8,6.2,0.455,0.525,2.4,2.8,0.846,0.4,3.9,4.3,6.0,2.0,0.3,2.8,2.0,14.0,,1997-98
177.0,Bimbo Coles (1997-98),29.0,GSW,PG,53.0,44.0,27.8,3.1,8.3,0.379,0.2,1.1,0.228,2.9,7.2,0.402,0.394,1.5,1.7,0.886,0.3,2.0,2.3,4.7,1.0,0.2,1.7,2.5,8.0,,1997-98
178.0,Dale Davis (1997-98),28.0,IND,C,78.0,78.0,27.9,3.5,6.4,0.548,0.0,0.0,,3.5,6.4,0.548,0.548,1.0,2.2,0.465,3.0,4.8,7.8,0.9,0.7,1.1,0.9,2.7,8.0,,1997-98
179.0,Sherman Douglas (1997-98),31.0,NJN,PG,80.0,11.0,21.2,3.2,6.4,0.495,0.2,0.6,0.304,3.0,5.9,0.514,0.509,1.4,2.2,0.669,0.7,1.0,1.7,4.0,0.7,0.1,1.4,2.0,8.0,,1997-98
180.0,Ervin Johnson (1997-98),30.0,MIL,C,81.0,81.0,27.9,3.1,5.8,0.537,0.0,0.0,,3.1,5.8,0.537,0.537,1.8,2.9,0.601,3.0,5.5,8.5,0.7,1.0,2.0,1.4,4.0,8.0,,1997-98
181.0,Reggie Slater (1997-98),27.0,TOR,PF,78.0,28.0,21.3,2.7,5.9,0.46,0.0,0.0,,2.7,5.9,0.46,0.46,2.6,4.1,0.63,1.7,2.2,3.9,0.9,0.6,0.4,1.3,2.6,8.0,,1997-98
182.0,Olden Polynice (1997-98),33.0,SAC,C,70.0,25.0,20.8,3.6,7.7,0.459,0.0,0.0,0.0,3.6,7.7,0.46,0.459,0.7,1.6,0.452,2.5,3.8,6.3,1.5,0.5,0.6,1.4,2.3,7.9,,1997-98
183.0,Antonio Daniels (1997-98),22.0,VAN,SG,74.0,50.0,26.4,3.1,7.4,0.416,0.1,0.7,0.212,2.9,6.7,0.438,0.426,1.5,2.3,0.659,0.3,1.6,1.9,4.5,0.7,0.1,2.2,1.2,7.8,,1997-98
184.0,Adam Keefe (1997-98),27.0,UTA,C,80.0,75.0,25.6,2.9,5.3,0.54,0.0,0.0,,2.9,5.3,0.54,0.54,2.0,2.5,0.81,2.2,3.2,5.5,1.1,0.7,0.3,0.9,2.2,7.8,,1997-98
185.0,Robert Pack (1997-98),28.0,DAL,PG,12.0,10.0,24.3,2.8,8.2,0.337,0.3,0.5,0.5,2.5,7.7,0.326,0.352,2.1,3.0,0.694,0.7,2.2,2.8,3.5,1.7,0.1,3.2,1.4,7.8,,1997-98
186.0,Charlie Ward (1997-98),27.0,NYK,PG,82.0,82.0,28.3,2.9,6.3,0.455,1.0,2.6,0.377,1.9,3.7,0.512,0.534,1.1,1.4,0.805,0.4,3.0,3.3,5.7,1.8,0.5,2.1,2.4,7.8,,1997-98
187.0,Howard Eisley (1997-98),25.0,UTA,PG,82.0,18.0,21.0,2.8,6.3,0.441,0.6,1.4,0.407,2.2,4.9,0.451,0.487,1.5,1.8,0.852,0.3,1.7,2.0,4.2,0.7,0.2,2.0,2.2,7.7,,1997-98
188.0,James Robinson (1997-98),27.0,LAC,PG,70.0,13.0,17.6,2.8,7.2,0.389,1.1,3.2,0.329,1.7,3.9,0.438,0.463,1.1,1.5,0.72,0.5,1.1,1.6,1.9,0.5,0.1,1.4,1.4,7.7,,1997-98
189.0,Malik Sealy (1997-98),27.0,DET,SF,77.0,10.0,21.3,2.8,6.6,0.428,0.1,0.5,0.22,2.7,6.0,0.446,0.437,1.9,2.4,0.824,0.6,2.2,2.8,1.3,0.8,0.3,1.0,2.0,7.7,,1997-98
190.0,Eric Washington (1997-98),23.0,DEN,SG,66.0,36.0,23.3,3.0,7.5,0.404,0.7,2.1,0.321,2.4,5.5,0.435,0.448,1.0,1.3,0.783,0.7,1.2,1.9,1.2,0.8,0.4,1.1,2.2,7.7,,1997-98
191.0,Ed Gray (1997-98),22.0,ATL,SG,30.0,3.0,15.7,2.6,6.7,0.381,0.6,1.5,0.391,2.0,5.2,0.378,0.426,1.8,2.2,0.846,0.3,1.2,1.5,1.1,0.5,0.4,1.0,2.4,7.6,,1997-98
192.0,Bryant Stith (1997-98),27.0,DEN,SG,31.0,15.0,23.2,2.4,7.3,0.333,0.3,1.5,0.208,2.1,5.7,0.367,0.356,2.4,2.8,0.872,0.5,1.6,2.1,1.6,0.7,0.3,1.1,1.7,7.6,,1997-98
193.0,Erick Strickland (1997-98),24.0,DAL,SG,67.0,19.0,22.5,3.0,8.3,0.357,0.7,2.4,0.294,2.3,5.9,0.382,0.4,1.0,1.3,0.774,0.5,1.9,2.4,2.5,0.8,0.1,1.6,2.1,7.6,,1997-98
194.0,Anthony Johnson (1997-98),23.0,SAC,PG,77.0,62.0,29.4,2.9,7.9,0.371,0.5,1.7,0.328,2.4,6.2,0.383,0.406,1.0,1.4,0.727,0.7,1.6,2.2,4.3,0.8,0.1,1.6,2.4,7.5,,1997-98
195.0,Steve Kerr (1997-98),32.0,CHI,PG,50.0,0.0,22.4,2.7,6.0,0.454,1.1,2.6,0.438,1.6,3.4,0.465,0.548,0.9,1.0,0.918,0.3,1.3,1.5,1.9,0.5,0.1,0.5,1.4,7.5,,1997-98
196.0,George Lynch (1997-98),27.0,VAN,SF,82.0,0.0,18.2,3.0,6.3,0.481,0.1,0.4,0.3,2.9,5.9,0.492,0.489,1.4,1.9,0.703,1.8,2.6,4.4,1.5,0.8,0.5,1.3,2.0,7.5,,1997-98
197.0,Loy Vaught (1997-98),29.0,LAC,PF,10.0,6.0,26.5,3.6,8.4,0.429,0.0,0.2,0.0,3.6,8.2,0.439,0.429,0.3,0.8,0.375,1.6,4.9,6.5,0.7,0.4,0.2,1.3,3.3,7.5,,1997-98
198.0,Robert Horry (1997-98),27.0,LAL,PF,72.0,71.0,30.4,2.8,5.8,0.476,0.3,1.3,0.204,2.5,4.5,0.554,0.499,1.6,2.3,0.692,2.6,4.9,7.5,2.3,1.6,1.3,1.4,3.3,7.4,,1997-98
199.0,Kurt Thomas (1997-98),25.0,DAL,PF,5.0,0.0,14.6,3.4,9.0,0.378,0.0,0.0,,3.4,9.0,0.378,0.378,0.6,0.6,1.0,1.6,3.2,4.8,0.6,0.2,0.0,2.0,3.8,7.4,,1997-98
200.0,Jason Caffey (1997-98),24.0,2TM,PF,80.0,14.0,17.8,2.8,5.8,0.485,0.0,0.0,0.0,2.8,5.8,0.487,0.485,1.6,2.5,0.655,2.0,2.3,4.3,0.8,0.3,0.3,1.3,2.3,7.3,,1997-98
200.0,Jason Caffey (1997-98),24.0,CHI,PF,51.0,8.0,13.9,2.0,3.9,0.503,0.0,0.0,0.0,2.0,3.9,0.505,0.503,1.3,2.0,0.66,1.5,1.9,3.4,0.7,0.3,0.3,0.9,1.8,5.3,,1997-98
200.0,Jason Caffey (1997-98),24.0,GSW,PF,29.0,6.0,24.6,4.3,9.2,0.472,0.0,0.0,0.0,4.3,9.2,0.474,0.472,2.2,3.3,0.649,2.9,3.0,5.9,1.1,0.4,0.1,2.0,3.1,10.9,,1997-98
201.0,Mahmoud Abdul-Rauf (1997-98),28.0,SAC,PG,31.0,0.0,17.1,3.3,8.8,0.377,0.2,1.0,0.161,3.2,7.8,0.405,0.386,0.5,0.5,1.0,0.2,1.0,1.2,1.9,0.5,0.0,0.6,1.0,7.3,,1997-98
202.0,Dean Garrett (1997-98),31.0,DEN,C,82.0,82.0,32.1,3.0,6.9,0.428,0.0,0.0,,3.0,6.9,0.428,0.428,1.4,2.1,0.648,2.8,5.1,7.9,1.1,0.7,1.6,1.0,2.4,7.3,,1997-98
203.0,A.C. Green (1997-98),34.0,DAL,PF,82.0,68.0,32.3,3.0,6.5,0.453,0.0,0.0,0.0,3.0,6.5,0.457,0.453,1.4,2.0,0.716,2.7,5.5,8.1,1.5,1.0,0.3,0.8,1.9,7.3,,1997-98
204.0,Elliot Perry (1997-98),28.0,MIL,PG,81.0,33.0,21.6,3.0,6.9,0.43,0.2,0.6,0.34,2.8,6.3,0.438,0.445,1.1,1.3,0.844,0.3,1.1,1.3,2.8,1.1,0.0,1.6,1.6,7.3,,1997-98
205.0,Dan Majerle (1997-98),32.0,MIA,SG,72.0,22.0,26.8,2.6,6.1,0.419,1.5,4.1,0.376,1.0,2.0,0.507,0.546,0.6,0.7,0.784,0.7,3.1,3.7,2.2,0.9,0.2,0.9,1.9,7.2,,1997-98
206.0,George McCloud (1997-98),30.0,PHO,SF,63.0,13.0,19.3,2.7,6.8,0.405,1.1,3.3,0.341,1.6,3.5,0.466,0.488,0.6,0.8,0.765,0.7,2.7,3.5,1.3,0.9,0.2,1.0,2.1,7.2,,1997-98
207.0,Sam Perkins (1997-98),36.0,SEA,PF,81.0,0.0,20.7,2.4,5.8,0.416,1.1,2.7,0.392,1.3,3.1,0.438,0.508,1.2,1.6,0.789,0.7,2.5,3.1,1.4,0.8,0.4,0.8,2.0,7.2,,1997-98
208.0,Cherokee Parks (1997-98),25.0,MIN,C,79.0,43.0,21.6,2.8,5.7,0.499,0.0,0.0,0.0,2.8,5.7,0.5,0.499,1.4,2.1,0.651,1.8,3.8,5.5,0.7,0.5,1.1,0.8,3.0,7.1,,1997-98
209.0,Vitaly Potapenko (1997-98),22.0,CLE,C,80.0,0.0,17.7,2.9,6.1,0.48,0.0,0.0,0.0,2.9,6.1,0.48,0.48,1.3,1.8,0.708,1.4,2.5,3.9,0.7,0.3,0.4,1.7,2.5,7.1,,1997-98
210.0,Matt Bullard (1997-98),30.0,HOU,SF,67.0,24.0,17.8,2.6,5.8,0.45,1.4,3.4,0.416,1.2,2.4,0.5,0.573,0.3,0.4,0.741,0.4,1.8,2.2,0.9,0.5,0.4,0.6,1.6,7.0,,1997-98
211.0,Tracy McGrady (1997-98),18.0,TOR,SF,64.0,17.0,18.4,2.8,6.2,0.45,0.2,0.6,0.341,2.6,5.6,0.462,0.467,1.2,1.7,0.712,1.6,2.6,4.2,1.5,0.8,1.0,1.0,1.3,7.0,,1997-98
212.0,Vernon Maxwell (1997-98),32.0,2TM,SG,42.0,0.0,15.1,2.5,6.1,0.399,0.9,2.7,0.33,1.6,3.5,0.452,0.471,1.1,1.4,0.8,0.3,1.0,1.4,1.2,0.4,0.1,1.0,1.7,6.9,,1997-98
212.0,Vernon Maxwell (1997-98),32.0,ORL,SG,11.0,0.0,15.4,2.4,7.1,0.333,0.5,2.4,0.231,1.8,4.7,0.385,0.372,2.1,2.4,0.885,0.5,0.7,1.2,1.1,0.2,0.1,1.1,1.8,7.4,,1997-98
212.0,Vernon Maxwell (1997-98),32.0,CHH,SG,31.0,0.0,15.1,2.5,5.8,0.428,1.0,2.8,0.36,1.5,3.0,0.489,0.514,0.8,1.1,0.735,0.3,1.1,1.4,1.3,0.5,0.1,0.9,1.6,6.8,,1997-98
213.0,Mark Strickland (1997-98),27.0,MIA,PF,51.0,8.0,16.6,2.8,5.3,0.539,0.0,0.0,0.0,2.8,5.3,0.541,0.539,1.2,1.6,0.72,1.6,2.6,4.2,0.5,0.4,0.7,0.9,1.7,6.8,,1997-98
214.0,Chuck Person (1997-98),33.0,SAS,PF,61.0,11.0,23.9,2.3,6.5,0.359,1.6,4.5,0.344,0.8,2.0,0.393,0.479,0.5,0.6,0.757,0.3,3.1,3.3,1.4,0.5,0.2,1.1,2.0,6.7,,1997-98
215.0,Michael Curry (1997-98),29.0,MIL,SG,82.0,27.0,24.1,2.4,5.1,0.469,0.0,0.1,0.444,2.3,5.0,0.469,0.474,1.8,2.1,0.835,0.3,0.9,1.2,1.7,0.7,0.2,0.9,2.7,6.6,6MOY-6,1997-98
216.0,Travis Best (1997-98),25.0,IND,PG,82.0,0.0,18.9,2.5,5.9,0.419,0.3,0.9,0.3,2.2,5.0,0.439,0.441,1.4,1.6,0.855,0.3,1.1,1.5,3.4,1.0,0.1,1.4,2.4,6.5,,1997-98
217.0,Travis Knight (1997-98),23.0,BOS,C,74.0,21.0,20.3,2.6,5.9,0.441,0.2,0.7,0.273,2.4,5.2,0.465,0.458,1.1,1.4,0.786,2.0,3.0,4.9,1.4,0.7,1.1,1.2,3.4,6.5,,1997-98
218.0,Tony Massenburg (1997-98),30.0,VAN,C,61.0,13.0,14.7,2.4,5.1,0.479,0.0,0.0,,2.4,5.1,0.479,0.479,1.6,2.2,0.73,1.3,2.5,3.8,0.3,0.4,0.4,1.0,2.0,6.5,,1997-98
219.0,Tariq Abdul-Wahad (1997-98),23.0,SAC,SG,59.0,16.0,16.3,2.4,6.1,0.403,0.1,0.3,0.211,2.4,5.7,0.414,0.409,1.4,2.1,0.672,0.7,1.2,2.0,0.9,0.6,0.2,1.1,1.4,6.4,,1997-98
220.0,Terry Dehere (1997-98),26.0,SAC,PG,77.0,18.0,18.3,2.3,5.9,0.399,0.6,1.7,0.379,1.7,4.1,0.408,0.455,1.0,1.3,0.798,0.3,1.1,1.4,2.5,0.7,0.1,1.2,1.9,6.4,,1997-98
221.0,Jerald Honeycutt (1997-98),23.0,MIL,PF,38.0,0.0,13.9,2.4,5.8,0.407,0.8,2.0,0.377,1.6,3.8,0.424,0.473,0.9,1.5,0.621,0.7,1.7,2.4,0.9,0.5,0.2,1.3,2.2,6.4,,1997-98
222.0,Terry Cummings (1997-98),36.0,2TM,PF,74.0,3.0,16.0,2.7,5.8,0.467,0.0,0.0,0.0,2.7,5.8,0.468,0.467,0.9,1.3,0.684,1.3,2.5,3.8,0.6,0.5,0.1,0.7,2.4,6.3,,1997-98
222.0,Terry Cummings (1997-98),36.0,PHI,PF,44.0,2.0,14.9,2.2,4.8,0.458,0.0,0.0,0.0,2.2,4.8,0.46,0.458,0.9,1.3,0.672,1.3,2.1,3.4,0.5,0.5,0.1,0.4,2.3,5.3,,1997-98
222.0,Terry Cummings (1997-98),36.0,NYK,PF,30.0,1.0,17.6,3.4,7.2,0.477,0.0,0.0,,3.4,7.2,0.477,0.477,0.9,1.3,0.7,1.4,3.1,4.5,0.9,0.5,0.2,1.1,2.6,7.8,,1997-98
223.0,Brian Shaw (1997-98),31.0,2TM,PG,59.0,34.0,25.9,2.6,7.6,0.345,0.5,1.6,0.295,2.1,5.9,0.359,0.377,0.6,0.9,0.692,0.6,3.0,3.6,4.4,0.8,0.3,1.7,2.5,6.3,,1997-98
223.0,Brian Shaw (1997-98),31.0,GSW,PG,39.0,32.0,26.4,2.6,7.9,0.336,0.5,1.7,0.313,2.1,6.2,0.342,0.37,0.6,0.8,0.727,0.5,3.4,3.9,4.4,0.9,0.4,1.9,2.4,6.4,,1997-98
223.0,Brian Shaw (1997-98),31.0,PHI,PG,20.0,2.0,25.1,2.6,7.0,0.367,0.4,1.4,0.25,2.2,5.6,0.396,0.392,0.6,1.0,0.632,0.9,2.4,3.2,4.4,0.7,0.2,1.2,2.8,6.1,,1997-98
224.0,Chris Childs (1997-98),30.0,NYK,PG,68.0,0.0,23.5,2.2,5.2,0.421,0.4,1.3,0.31,1.8,3.9,0.457,0.459,1.5,1.9,0.825,0.4,2.0,2.4,3.9,0.8,0.1,1.5,2.6,6.3,,1997-98
225.0,Jerome Kersey (1997-98),35.0,SEA,SF,37.0,2.0,19.4,2.6,6.3,0.416,0.0,0.3,0.1,2.6,6.0,0.43,0.418,1.1,1.8,0.6,1.5,2.1,3.6,1.2,1.4,0.4,1.0,2.8,6.3,,1997-98
226.0,Derrick McKey (1997-98),31.0,IND,SF,57.0,4.0,23.1,2.6,5.7,0.459,0.1,0.3,0.235,2.6,5.4,0.471,0.465,1.0,1.4,0.714,1.3,2.4,3.7,1.5,1.0,0.5,1.4,2.7,6.3,,1997-98
227.0,Oliver Miller (1997-98),27.0,TOR,C,64.0,53.0,25.4,2.7,5.8,0.461,0.0,0.1,0.0,2.7,5.7,0.466,0.461,1.0,1.6,0.604,2.3,4.0,6.3,3.1,0.9,1.1,2.0,2.9,6.3,,1997-98
228.0,Monty Williams (1997-98),26.0,SAS,SF,72.0,16.0,18.3,2.3,5.1,0.448,0.0,0.0,0.5,2.3,5.1,0.448,0.45,1.7,2.5,0.67,0.9,1.6,2.5,1.2,0.5,0.3,1.1,1.8,6.3,,1997-98
229.0,Eric Murdock (1997-98),29.0,MIA,PG,82.0,1.0,17.0,2.2,5.1,0.422,0.3,1.1,0.308,1.8,4.0,0.454,0.456,1.5,1.9,0.801,0.5,1.4,1.9,2.7,1.3,0.2,1.3,2.1,6.2,,1997-98
230.0,Stanley Roberts (1997-98),27.0,MIN,C,74.0,44.0,17.9,2.6,5.2,0.495,0.0,0.0,,2.6,5.2,0.495,0.495,1.0,2.1,0.481,1.5,3.4,4.9,0.4,0.3,1.0,0.9,3.1,6.2,,1997-98
231.0,Harold Ellis (1997-98),27.0,DEN,SF,27.0,3.0,12.7,2.3,4.1,0.559,0.0,0.1,0.0,2.3,4.0,0.579,0.559,1.5,2.3,0.635,1.0,0.9,1.9,0.7,0.7,0.1,0.7,2.0,6.1,,1997-98
232.0,Tom Hammonds (1997-98),30.0,MIN,PF,57.0,2.0,20.0,2.2,4.3,0.516,0.0,0.0,0.0,2.2,4.3,0.518,0.516,1.6,2.3,0.697,1.8,3.0,4.8,0.6,0.3,0.3,0.8,2.2,6.1,,1997-98
233.0,Alvin Williams (1997-98),23.0,2TM,SG,54.0,13.0,19.8,2.3,5.2,0.443,0.2,0.5,0.321,2.1,4.7,0.457,0.459,1.2,1.7,0.722,0.4,1.1,1.5,1.9,0.7,0.1,1.1,1.5,6.0,,1997-98
233.0,Alvin Williams (1997-98),23.0,POR,SG,41.0,10.0,21.1,2.7,5.8,0.458,0.2,0.6,0.292,2.5,5.2,0.477,0.473,1.4,1.9,0.734,0.5,1.0,1.5,2.0,0.7,0.0,1.2,1.5,6.9,,1997-98
233.0,Alvin Williams (1997-98),23.0,TOR,SG,13.0,3.0,15.9,1.2,3.4,0.364,0.2,0.3,0.5,1.1,3.1,0.35,0.386,0.5,0.8,0.636,0.4,1.2,1.6,1.5,0.6,0.1,0.6,1.5,3.2,,1997-98
234.0,Tom Chambers (1997-98),38.0,PHI,PF,1.0,0.0,10.0,2.0,2.0,1.0,0.0,0.0,,2.0,2.0,1.0,1.0,2.0,2.0,1.0,0.0,2.0,2.0,0.0,2.0,0.0,1.0,2.0,6.0,,1997-98
235.0,Todd Day (1997-98),28.0,MIA,SG,5.0,0.0,13.8,2.2,6.2,0.355,0.4,2.4,0.167,1.8,3.8,0.474,0.387,1.2,1.8,0.667,0.8,0.4,1.2,1.4,1.4,0.0,0.6,2.0,6.0,,1997-98
236.0,Othella Harrington (1997-98),24.0,HOU,PF,58.0,3.0,15.6,2.2,4.6,0.485,0.0,0.0,0.0,2.2,4.6,0.487,0.485,1.6,2.1,0.754,1.3,2.3,3.6,0.4,0.2,0.5,0.8,1.9,6.0,,1997-98
237.0,Shawn Respert (1997-98),25.0,2TM,SG,57.0,4.0,16.0,2.3,5.1,0.444,0.5,1.6,0.333,1.7,3.5,0.495,0.497,0.8,1.1,0.787,0.6,1.1,1.8,1.1,0.6,0.0,0.8,1.3,5.9,,1997-98
237.0,Shawn Respert (1997-98),25.0,TOR,SG,47.0,4.0,14.8,2.0,4.4,0.45,0.5,1.4,0.373,1.5,3.0,0.486,0.51,0.9,1.1,0.815,0.6,0.9,1.6,0.9,0.6,0.0,0.7,1.2,5.5,,1997-98
237.0,Shawn Respert (1997-98),25.0,DAL,SG,10.0,0.0,21.5,3.6,8.4,0.429,0.6,2.6,0.231,3.0,5.8,0.517,0.464,0.4,0.7,0.571,0.7,2.0,2.7,1.7,0.5,0.0,1.5,1.7,8.2,,1997-98
238.0,Chris Anstey (1997-98),23.0,DAL,C,41.0,8.0,16.6,2.2,5.6,0.398,0.1,0.4,0.188,2.2,5.2,0.414,0.405,1.3,1.8,0.716,1.3,2.5,3.8,0.9,0.8,0.7,1.0,2.3,5.9,,1997-98
239.0,Derek Fisher (1997-98),23.0,LAL,PG,82.0,36.0,21.5,2.0,4.6,0.434,0.4,1.0,0.383,1.6,3.6,0.448,0.475,1.4,1.9,0.757,0.5,1.9,2.4,4.1,0.9,0.1,1.5,1.5,5.8,,1997-98
240.0,Rodrick Rhodes (1997-98),24.0,HOU,SF,58.0,13.0,18.4,1.9,5.3,0.367,0.0,0.1,0.25,1.9,5.1,0.37,0.37,1.9,3.1,0.617,0.5,0.7,1.2,1.9,1.1,0.2,1.7,2.2,5.8,,1997-98
241.0,Bob Sura (1997-98),24.0,CLE,SG,46.0,4.0,20.5,1.9,5.0,0.377,0.4,1.3,0.317,1.5,3.7,0.398,0.418,1.6,2.8,0.565,0.5,1.5,2.0,3.7,1.0,0.2,2.0,2.5,5.8,,1997-98
242.0,Muggsy Bogues (1997-98),33.0,2TM,PG,61.0,31.0,25.7,2.3,5.3,0.437,0.1,0.3,0.25,2.2,5.0,0.446,0.443,1.0,1.1,0.897,0.5,1.7,2.2,5.4,1.1,0.0,1.7,1.0,5.7,,1997-98
242.0,Muggsy Bogues (1997-98),33.0,CHH,PG,2.0,0.0,8.0,1.0,2.5,0.4,0.0,0.0,,1.0,2.5,0.4,0.4,1.0,1.0,1.0,0.0,0.5,0.5,2.0,1.0,0.0,0.5,1.0,3.0,,1997-98
242.0,Muggsy Bogues (1997-98),33.0,GSW,PG,59.0,31.0,26.3,2.4,5.4,0.437,0.1,0.3,0.25,2.3,5.1,0.447,0.443,1.0,1.1,0.894,0.5,1.7,2.2,5.5,1.1,0.1,1.8,0.9,5.8,,1997-98
243.0,Stacey Augmon (1997-98),29.0,POR,SG,71.0,23.0,20.4,2.2,5.2,0.414,0.0,0.1,0.143,2.2,5.1,0.419,0.415,1.3,2.2,0.603,1.5,1.8,3.3,1.2,0.8,0.5,1.1,2.0,5.7,,1997-98
244.0,Antoine Carr (1997-98),36.0,UTA,PF,66.0,8.0,16.5,2.3,4.9,0.465,0.0,0.0,,2.3,4.9,0.465,0.465,1.2,1.5,0.776,0.6,1.3,2.0,0.7,0.2,0.8,0.7,3.0,5.7,,1997-98
245.0,Lloyd Daniels (1997-98),30.0,TOR,SG,6.0,0.0,13.7,2.0,4.8,0.414,0.3,1.5,0.222,1.7,3.3,0.5,0.448,1.3,1.7,0.8,0.7,0.5,1.2,0.7,0.5,0.3,0.7,0.7,5.7,,1997-98
246.0,Greg Foster (1997-98),29.0,UTA,C,78.0,49.0,18.5,2.4,5.4,0.445,0.0,0.1,0.222,2.4,5.2,0.45,0.447,0.9,1.1,0.77,1.1,2.4,3.5,0.7,0.2,0.4,0.9,2.4,5.7,,1997-98
247.0,Martin Müürsepp (1997-98),23.0,DAL,PF,41.0,7.0,14.7,2.0,4.7,0.435,0.4,0.9,0.421,1.6,3.7,0.438,0.476,1.2,1.6,0.761,1.1,1.7,2.8,0.7,0.7,0.3,0.7,2.3,5.7,,1997-98
248.0,Bruce Bowen (1997-98),26.0,BOS,SF,61.0,9.0,21.4,2.0,4.9,0.409,0.3,1.0,0.339,1.7,3.9,0.427,0.443,1.2,2.0,0.623,1.3,1.6,2.9,1.3,1.4,0.5,0.9,2.9,5.6,,1997-98
249.0,Brent Price (1997-98),29.0,HOU,PG,72.0,2.0,18.5,1.8,4.3,0.413,1.0,2.6,0.39,0.8,1.7,0.447,0.531,1.1,1.4,0.786,0.5,1.0,1.5,2.7,0.7,0.1,1.5,2.3,5.6,,1997-98
250.0,David Benoit (1997-98),29.0,2TM,SF,77.0,0.0,14.6,2.0,5.3,0.373,0.7,2.2,0.324,1.3,3.1,0.408,0.44,0.8,1.0,0.824,0.8,1.9,2.6,0.3,0.5,0.3,0.7,2.0,5.5,,1997-98
250.0,David Benoit (1997-98),29.0,NJN,SF,53.0,0.0,15.1,1.9,5.1,0.379,0.8,2.2,0.345,1.2,2.8,0.407,0.455,0.7,0.8,0.841,0.8,1.9,2.7,0.3,0.5,0.3,0.7,2.3,5.3,,1997-98
250.0,David Benoit (1997-98),29.0,ORL,SF,24.0,0.0,13.5,2.1,5.8,0.36,0.6,2.1,0.275,1.5,3.7,0.409,0.41,1.0,1.3,0.8,0.8,1.8,2.6,0.3,0.4,0.2,0.5,1.5,5.8,,1997-98
251.0,Danny Schayes (1997-98),38.0,ORL,C,74.0,33.0,17.2,2.1,5.0,0.418,0.0,0.0,,2.1,5.0,0.418,0.418,1.3,1.6,0.807,1.3,2.0,3.3,0.6,0.5,0.4,0.8,2.5,5.5,,1997-98
252.0,Žan Tabak (1997-98),27.0,2TM,C,57.0,34.0,17.3,2.5,5.3,0.467,0.0,0.0,0.0,2.5,5.3,0.469,0.467,0.4,1.1,0.377,1.5,2.2,3.7,0.8,0.4,0.7,1.1,2.9,5.4,,1997-98
252.0,Žan Tabak (1997-98),27.0,TOR,C,39.0,29.0,19.3,3.0,6.4,0.466,0.0,0.0,0.0,3.0,6.4,0.468,0.466,0.4,1.2,0.333,1.5,2.4,3.9,0.9,0.4,0.7,1.1,3.0,6.4,,1997-98
252.0,Žan Tabak (1997-98),27.0,BOS,C,18.0,5.0,12.9,1.4,3.1,0.473,0.0,0.0,,1.4,3.1,0.473,0.473,0.4,0.7,0.538,1.4,1.8,3.2,0.7,0.3,0.6,0.9,2.6,3.3,,1997-98
253.0,Andrew DeClercq (1997-98),24.0,BOS,C,81.0,49.0,18.8,2.1,4.2,0.497,0.0,0.0,0.0,2.1,4.2,0.499,0.497,1.2,2.1,0.601,2.2,2.6,4.8,0.7,1.0,0.6,1.0,3.4,5.4,,1997-98
254.0,Carlos Rogers (1997-98),26.0,2TM,PF,21.0,0.0,17.9,2.2,4.3,0.516,0.0,0.1,0.0,2.2,4.2,0.528,0.516,0.9,1.5,0.563,1.7,1.5,3.2,0.9,0.5,0.4,0.7,1.7,5.3,,1997-98
254.0,Carlos Rogers (1997-98),26.0,TOR,PF,18.0,0.0,19.5,2.5,4.8,0.517,0.0,0.1,0.0,2.5,4.8,0.523,0.517,1.0,1.8,0.563,1.9,1.7,3.6,0.9,0.5,0.4,0.7,1.9,6.0,,1997-98
254.0,Carlos Rogers (1997-98),26.0,POR,PF,3.0,0.0,8.3,0.7,1.3,0.5,0.0,0.3,0.0,0.7,1.0,0.667,0.5,0.0,0.0,,0.3,0.3,0.7,0.7,0.3,0.0,0.3,0.3,1.3,,1997-98
255.0,Tyus Edney (1997-98),24.0,BOS,PG,52.0,7.0,12.0,1.8,4.2,0.431,0.1,0.2,0.3,1.7,4.0,0.437,0.438,1.7,2.1,0.793,0.4,0.7,1.1,2.7,1.0,0.0,1.3,1.3,5.3,,1997-98
256.0,Gerald Wilkins (1997-98),34.0,ORL,SG,72.0,16.0,17.4,2.0,6.0,0.325,0.4,1.5,0.266,1.6,4.5,0.345,0.358,1.0,1.4,0.704,0.2,1.0,1.3,1.1,0.5,0.1,1.1,1.1,5.3,,1997-98
257.0,Jerome Williams (1997-98),24.0,DET,PF,77.0,3.0,16.9,2.0,3.7,0.524,0.0,0.0,0.0,2.0,3.7,0.526,0.524,1.4,2.2,0.651,2.2,2.7,4.9,0.6,0.7,0.1,0.8,1.9,5.3,,1997-98
258.0,Michael Smith (1997-98),25.0,2TM,PF,48.0,33.0,21.9,1.9,4.0,0.479,0.0,0.0,0.0,1.9,4.0,0.482,0.479,1.4,2.1,0.631,2.5,3.9,6.4,1.8,0.9,0.3,1.1,2.0,5.2,,1997-98
258.0,Michael Smith (1997-98),25.0,SAC,PF,18.0,4.0,19.3,1.4,3.4,0.426,0.0,0.0,,1.4,3.4,0.426,0.426,0.9,1.7,0.567,1.9,3.6,5.6,1.6,0.8,0.5,0.8,1.9,3.8,,1997-98
258.0,Michael Smith (1997-98),25.0,VAN,PF,30.0,29.0,23.5,2.2,4.4,0.504,0.0,0.0,0.0,2.2,4.4,0.508,0.504,1.6,2.4,0.658,2.8,4.0,6.9,2.0,0.9,0.2,1.2,2.0,6.1,,1997-98
259.0,Greg Anthony (1997-98),30.0,SEA,PG,80.0,0.0,12.8,1.9,4.4,0.43,0.8,2.0,0.415,1.1,2.4,0.442,0.524,0.7,1.0,0.663,0.2,1.2,1.4,2.6,0.8,0.0,1.1,1.2,5.2,,1997-98
260.0,Scott Burrell (1997-98),27.0,CHI,SF,80.0,3.0,13.7,2.0,4.7,0.424,0.6,1.8,0.354,1.4,2.9,0.468,0.492,0.6,0.8,0.734,1.0,1.5,2.5,0.8,0.8,0.5,0.6,1.6,5.2,,1997-98
261.0,Ledell Eackles (1997-98),31.0,WAS,SG,42.0,0.0,13.0,1.8,4.2,0.429,0.4,1.1,0.348,1.4,3.1,0.457,0.474,1.2,1.4,0.881,0.6,1.2,1.8,0.4,0.4,0.0,0.7,1.0,5.2,,1997-98
262.0,Chris Whitney (1997-98),26.0,WAS,PG,82.0,6.0,13.1,1.5,4.3,0.355,0.6,2.1,0.308,0.9,2.3,0.398,0.428,1.4,1.6,0.915,0.2,1.2,1.4,2.4,0.4,0.1,0.8,1.3,5.1,,1997-98
263.0,Chucky Brown (1997-98),29.0,ATL,SF,77.0,8.0,15.6,2.1,4.8,0.433,0.0,0.1,0.25,2.1,4.7,0.437,0.435,0.8,1.1,0.724,0.7,1.6,2.4,0.7,0.3,0.2,0.7,1.3,5.0,,1997-98
264.0,Greg Minor (1997-98),26.0,BOS,SG,69.0,16.0,16.3,2.0,4.7,0.436,0.1,0.4,0.194,1.9,4.2,0.462,0.445,0.9,1.2,0.686,0.8,1.4,2.2,1.3,0.8,0.2,0.6,1.4,5.0,,1997-98
265.0,Jimmy Oliver (1997-98),28.0,WAS,SG,1.0,0.0,10.0,2.0,4.0,0.5,1.0,2.0,0.5,1.0,2.0,0.5,0.625,0.0,0.0,,0.0,2.0,2.0,1.0,0.0,0.0,0.0,1.0,5.0,,1997-98
266.0,Will Perdue (1997-98),32.0,SAS,C,79.0,30.0,18.9,2.1,3.7,0.549,0.0,0.0,0.0,2.1,3.7,0.551,0.549,0.9,1.7,0.526,2.2,4.5,6.8,0.7,0.3,0.6,1.0,1.7,5.0,,1997-98
267.0,Pete Chilcutt (1997-98),29.0,VAN,PF,82.0,0.0,17.3,1.9,4.4,0.435,0.7,1.6,0.415,1.2,2.8,0.445,0.51,0.5,0.7,0.661,0.9,2.8,3.7,1.3,0.6,0.5,0.8,1.9,4.9,,1997-98
268.0,Marty Conlon (1997-98),30.0,MIA,C,18.0,0.0,11.6,1.6,3.4,0.452,0.0,0.0,,1.6,3.4,0.452,0.452,1.8,2.4,0.727,0.9,1.7,2.6,0.7,0.5,0.3,0.6,1.5,4.9,,1997-98
269.0,J.R. Reid (1997-98),29.0,CHH,PF,79.0,1.0,14.0,1.8,4.0,0.459,0.0,0.1,0.375,1.8,3.9,0.461,0.464,1.1,1.5,0.73,0.9,1.7,2.7,0.6,0.4,0.2,0.8,2.2,4.9,,1997-98
270.0,Buck Williams (1997-98),37.0,NYK,PF,41.0,6.0,18.0,1.8,3.6,0.503,0.0,0.0,,1.8,3.6,0.503,0.503,1.3,1.7,0.732,1.9,2.6,4.5,0.5,0.4,0.4,0.9,2.3,4.9,,1997-98
271.0,Gary Grant (1997-98),32.0,POR,PG,22.0,2.0,16.3,2.0,4.2,0.462,0.3,0.9,0.368,1.6,3.4,0.486,0.5,0.5,0.6,0.857,0.4,1.8,2.2,3.8,0.8,0.1,1.1,1.4,4.8,,1997-98
272.0,Greg Ostertag (1997-98),24.0,UTA,C,63.0,23.0,20.4,1.8,3.8,0.481,0.0,0.0,,1.8,3.8,0.481,0.481,1.1,2.2,0.479,2.1,3.8,5.9,0.4,0.4,2.1,1.2,2.6,4.7,,1997-98
273.0,Dennis Rodman (1997-98),36.0,CHI,PF,80.0,66.0,35.7,1.9,4.5,0.431,0.1,0.3,0.174,1.9,4.2,0.448,0.436,0.8,1.4,0.55,5.3,9.8,15.0,2.9,0.6,0.2,1.8,3.0,4.7,DPOY-5,1997-98
274.0,Chris Robinson (1997-98),23.0,2TM,SG,35.0,0.0,11.8,1.9,5.0,0.374,0.7,1.9,0.364,1.2,3.1,0.38,0.443,0.2,0.5,0.5,0.3,1.1,1.3,1.1,0.5,0.1,0.9,1.4,4.6,,1997-98
274.0,Chris Robinson (1997-98),23.0,VAN,SG,16.0,0.0,8.9,1.4,3.9,0.365,0.4,1.5,0.292,1.0,2.4,0.41,0.421,0.1,0.1,0.5,0.0,0.8,0.8,0.6,0.4,0.1,0.9,1.3,3.4,,1997-98
274.0,Chris Robinson (1997-98),23.0,SAC,SG,19.0,0.0,14.3,2.2,5.8,0.378,0.9,2.2,0.405,1.3,3.6,0.362,0.455,0.4,0.7,0.5,0.5,1.3,1.7,1.5,0.6,0.2,0.9,1.5,5.7,,1997-98
275.0,Lee Mayberry (1997-98),27.0,VAN,PG,79.0,32.0,23.2,1.7,4.4,0.375,0.8,2.3,0.35,0.9,2.1,0.402,0.466,0.5,0.6,0.745,0.2,1.2,1.4,4.4,0.8,0.1,1.4,2.1,4.6,,1997-98
276.0,Michael Stewart (1997-98),22.0,SAC,C,81.0,37.0,21.7,1.9,4.0,0.48,0.0,0.0,,1.9,4.0,0.48,0.48,0.8,1.8,0.458,2.4,4.2,6.6,0.8,0.4,2.4,1.0,3.1,4.6,,1997-98
277.0,Aaron Williams (1997-98),26.0,SEA,PF,65.0,9.0,11.6,1.8,3.4,0.523,0.0,0.0,0.0,1.8,3.4,0.525,0.523,1.0,1.3,0.776,0.7,1.5,2.3,0.2,0.3,0.6,0.8,1.8,4.6,,1997-98
278.0,Brian Evans (1997-98),24.0,2TM,SF,72.0,1.0,12.4,1.7,4.3,0.394,0.4,1.2,0.333,1.3,3.1,0.418,0.441,0.6,0.8,0.807,0.7,1.2,1.9,0.8,0.4,0.2,0.5,1.4,4.5,,1997-98
278.0,Brian Evans (1997-98),24.0,ORL,SF,44.0,0.0,12.8,1.8,4.7,0.374,0.3,1.0,0.267,1.5,3.7,0.404,0.403,0.9,1.1,0.833,0.7,1.2,1.9,0.7,0.5,0.2,0.5,1.3,4.7,,1997-98
278.0,Brian Evans (1997-98),24.0,NJN,SF,28.0,1.0,11.9,1.6,3.8,0.434,0.6,1.5,0.405,1.0,2.3,0.453,0.514,0.2,0.3,0.667,0.6,1.2,1.9,0.9,0.3,0.2,0.5,1.6,4.1,,1997-98
279.0,Benoit Benjamin (1997-98),33.0,PHI,C,14.0,0.0,14.1,1.6,2.9,0.537,0.0,0.0,,1.6,2.9,0.537,0.537,1.4,2.1,0.633,1.3,2.5,3.8,0.2,0.3,0.3,0.9,1.9,4.5,,1997-98
280.0,Jermaine O'Neal (1997-98),19.0,POR,PF,60.0,9.0,13.5,1.9,3.9,0.485,0.0,0.0,0.0,1.9,3.8,0.489,0.485,0.8,1.5,0.506,1.3,2.0,3.4,0.3,0.3,1.0,0.9,1.7,4.5,,1997-98
281.0,Terry Davis (1997-98),30.0,WAS,PF,74.0,66.0,23.0,1.7,3.5,0.496,0.0,0.0,0.0,1.7,3.4,0.498,0.496,0.9,1.6,0.58,2.8,3.7,6.5,0.4,0.6,0.3,0.8,2.6,4.4,,1997-98
282.0,Rick Brunson (1997-98),25.0,POR,PG,38.0,10.0,16.4,1.3,3.7,0.348,0.6,1.6,0.361,0.7,2.1,0.338,0.426,1.1,1.6,0.677,0.4,1.1,1.5,2.6,0.7,0.1,1.4,1.4,4.3,,1997-98
283.0,Chris Morris (1997-98),32.0,UTA,SF,54.0,1.0,10.0,1.6,3.8,0.411,0.4,1.1,0.306,1.2,2.7,0.455,0.457,0.8,1.1,0.721,0.6,1.5,2.1,0.4,0.5,0.3,0.6,1.1,4.3,,1997-98
284.0,Mark Bryant (1997-98),32.0,PHO,C,70.0,22.0,15.9,1.6,3.2,0.484,0.0,0.0,0.0,1.6,3.2,0.487,0.484,1.0,1.4,0.768,1.3,2.2,3.5,0.7,0.5,0.2,0.8,2.6,4.2,,1997-98
285.0,Danny Ferry (1997-98),31.0,CLE,PF,69.0,3.0,15.0,1.6,4.1,0.395,0.5,1.4,0.333,1.2,2.7,0.428,0.453,0.5,0.6,0.8,0.3,1.3,1.7,0.9,0.4,0.2,0.8,1.7,4.2,,1997-98
286.0,Terry Mills (1997-98),30.0,MIA,PF,50.0,0.0,15.6,1.6,4.1,0.393,0.5,1.6,0.309,1.1,2.5,0.448,0.454,0.5,0.7,0.758,0.7,2.4,3.0,0.8,0.4,0.2,0.9,2.6,4.2,,1997-98
287.0,Pooh Richardson (1997-98),31.0,LAC,PG,69.0,17.0,18.1,1.8,4.8,0.372,0.2,0.8,0.193,1.6,4.0,0.409,0.389,0.4,0.6,0.698,0.2,1.1,1.4,3.3,0.6,0.0,0.8,1.0,4.2,,1997-98
288.0,David Vaughn (1997-98),24.0,3TM,PF,40.0,2.0,12.2,1.7,3.7,0.446,0.0,0.0,0.0,1.7,3.7,0.449,0.446,0.8,1.2,0.638,1.3,2.5,3.8,0.5,0.4,0.3,1.0,2.1,4.1,,1997-98
288.0,David Vaughn (1997-98),24.0,GSW,PF,22.0,0.0,14.6,2.1,5.2,0.404,0.0,0.0,0.0,2.1,5.1,0.407,0.404,1.0,1.5,0.647,1.5,3.1,4.6,0.8,0.5,0.3,1.4,2.2,5.2,,1997-98
288.0,David Vaughn (1997-98),24.0,CHI,PF,3.0,0.0,2.0,0.3,0.3,1.0,0.0,0.0,,0.3,0.3,1.0,1.0,0.7,1.3,0.5,0.0,0.3,0.3,0.0,0.0,0.0,0.0,0.3,1.3,,1997-98
288.0,David Vaughn (1997-98),24.0,NJN,PF,15.0,2.0,10.7,1.3,2.2,0.576,0.0,0.0,,1.3,2.2,0.576,0.576,0.4,0.6,0.667,1.3,2.0,3.3,0.1,0.3,0.3,0.6,2.3,2.9,,1997-98
289.0,Bobby Hurley (1997-98),26.0,2TM,PG,61.0,3.0,14.3,1.5,3.9,0.391,0.1,0.4,0.227,1.4,3.5,0.407,0.401,1.0,1.2,0.776,0.2,0.9,1.1,2.9,0.4,0.0,1.4,1.3,4.1,,1997-98
289.0,Bobby Hurley (1997-98),26.0,SAC,PG,34.0,3.0,12.3,1.4,3.4,0.409,0.1,0.4,0.267,1.3,2.9,0.43,0.426,0.9,1.1,0.811,0.2,0.9,1.1,2.4,0.4,0.0,1.2,1.1,3.8,,1997-98
289.0,Bobby Hurley (1997-98),26.0,VAN,PG,27.0,0.0,17.0,1.7,4.6,0.374,0.0,0.3,0.143,1.7,4.3,0.388,0.378,1.1,1.4,0.744,0.2,0.9,1.1,3.6,0.4,0.0,1.6,1.6,4.5,,1997-98
290.0,Aaron McKie (1997-98),25.0,2TM,SF,81.0,32.0,22.4,1.7,4.7,0.365,0.1,0.8,0.19,1.6,3.9,0.399,0.381,0.5,0.7,0.764,0.7,2.1,2.9,2.2,1.2,0.2,0.9,2.0,4.1,,1997-98
290.0,Aaron McKie (1997-98),25.0,DET,SF,24.0,1.0,19.7,1.8,4.3,0.413,0.1,0.7,0.176,1.7,3.6,0.46,0.428,0.8,1.0,0.87,1.0,1.8,2.8,1.6,1.0,0.0,1.0,2.0,4.5,,1997-98
290.0,Aaron McKie (1997-98),25.0,PHI,SG,57.0,31.0,23.5,1.7,4.9,0.347,0.2,0.8,0.196,1.5,4.1,0.377,0.363,0.4,0.6,0.688,0.6,2.3,2.9,2.4,1.4,0.2,0.9,2.1,3.9,,1997-98
291.0,Randy Brown (1997-98),29.0,CHI,PG,71.0,6.0,16.2,1.6,4.3,0.384,0.0,0.1,0.0,1.6,4.2,0.391,0.384,0.8,1.1,0.718,0.5,0.8,1.3,2.1,1.0,0.2,0.9,1.7,4.1,,1997-98
292.0,Emanual Davis (1997-98),29.0,HOU,PG,45.0,0.0,13.3,1.4,3.2,0.444,0.6,1.6,0.375,0.8,1.6,0.514,0.539,0.7,0.8,0.838,0.2,0.8,1.0,1.3,0.4,0.1,1.2,1.2,4.1,,1997-98
293.0,Doug West (1997-98),30.0,MIN,SG,38.0,10.0,18.1,1.7,4.5,0.374,0.0,0.1,0.0,1.7,4.4,0.379,0.374,0.8,1.1,0.725,0.6,1.6,2.2,1.2,0.3,0.1,0.6,2.6,4.1,,1997-98
294.0,Brandon Williams (1997-98),22.0,GSW,SG,9.0,2.0,15.6,1.8,5.6,0.32,0.3,1.0,0.333,1.4,4.6,0.317,0.35,0.2,0.4,0.5,0.4,1.2,1.7,0.3,0.7,0.3,1.0,2.0,4.1,,1997-98
295.0,Scott Williams (1997-98),29.0,PHI,C,58.0,7.0,13.8,1.6,3.7,0.437,0.0,0.1,0.0,1.6,3.6,0.447,0.437,0.9,1.1,0.81,1.5,2.1,3.6,0.5,0.3,0.4,0.5,2.3,4.1,,1997-98
296.0,B.J. Armstrong (1997-98),30.0,2TM,PG,66.0,0.0,12.6,1.6,3.2,0.493,0.1,0.5,0.257,1.5,2.7,0.539,0.514,0.6,0.8,0.84,0.2,0.9,1.2,2.3,0.4,0.0,0.6,1.1,4.0,,1997-98
296.0,B.J. Armstrong (1997-98),30.0,GSW,PG,4.0,0.0,14.8,1.5,4.8,0.316,0.0,0.3,0.0,1.5,4.5,0.333,0.316,1.3,1.8,0.714,1.0,0.8,1.8,1.5,1.0,0.0,1.8,1.5,4.3,,1997-98
296.0,B.J. Armstrong (1997-98),30.0,CHH,PG,62.0,0.0,12.5,1.6,3.1,0.51,0.1,0.5,0.265,1.5,2.6,0.563,0.534,0.6,0.7,0.86,0.2,0.9,1.1,2.3,0.4,0.0,0.6,1.1,3.9,,1997-98
297.0,Keith Closs (1997-98),21.0,LAC,C,58.0,1.0,12.8,1.6,3.6,0.449,0.0,0.0,,1.6,3.6,0.449,0.449,0.8,1.3,0.597,1.1,1.8,2.9,0.3,0.2,1.4,0.7,1.3,4.0,,1997-98
298.0,Mark Davis (1997-98),24.0,PHI,SF,71.0,12.0,12.8,1.5,3.4,0.447,0.0,0.1,0.0,1.5,3.4,0.458,0.447,0.9,1.4,0.634,0.9,1.3,2.2,1.0,0.7,0.3,1.3,1.3,4.0,,1997-98
299.0,Todd Fuller (1997-98),23.0,GSW,C,57.0,1.0,10.8,1.5,3.6,0.42,0.0,0.1,0.0,1.5,3.5,0.428,0.42,1.0,1.4,0.688,1.1,2.4,3.4,0.2,0.1,0.3,0.6,1.6,4.0,,1997-98
300.0,Fred Hoiberg (1997-98),25.0,IND,SG,65.0,1.0,13.4,1.3,3.4,0.383,0.5,1.3,0.376,0.8,2.1,0.387,0.455,0.9,1.1,0.855,0.2,1.7,1.9,0.7,0.6,0.0,0.3,1.6,4.0,,1997-98
301.0,Mario Bennett (1997-98),24.0,LAL,PF,45.0,4.0,7.9,1.8,3.0,0.593,0.0,0.0,0.5,1.8,3.0,0.594,0.596,0.4,1.0,0.364,1.3,1.5,2.8,0.4,0.4,0.2,0.5,1.4,3.9,,1997-98
302.0,Ricky Pierce (1997-98),38.0,MIL,SG,39.0,0.0,11.3,1.3,3.7,0.364,0.1,0.3,0.308,1.2,3.3,0.369,0.378,1.1,1.3,0.827,0.5,0.7,1.2,0.9,0.2,0.0,0.5,0.9,3.9,,1997-98
303.0,Joe Stephens (1997-98),25.0,HOU,SF,7.0,0.0,5.3,1.4,4.0,0.357,0.4,1.4,0.3,1.0,2.6,0.389,0.411,0.6,0.9,0.667,0.4,0.4,0.9,0.1,0.3,0.0,0.3,0.3,3.9,,1997-98
304.0,Kevin Edwards (1997-98),32.0,2TM,SG,39.0,5.0,12.5,1.5,4.2,0.345,0.2,0.4,0.4,1.3,3.8,0.34,0.364,0.8,0.9,0.857,0.5,0.9,1.4,1.0,0.7,0.0,0.8,0.7,3.8,,1997-98
304.0,Kevin Edwards (1997-98),32.0,NJN,SG,27.0,5.0,13.0,1.4,3.9,0.349,0.1,0.4,0.364,1.2,3.5,0.347,0.368,0.5,0.6,0.867,0.4,0.9,1.3,1.0,0.8,0.0,0.7,0.7,3.4,,1997-98
304.0,Kevin Edwards (1997-98),32.0,ORL,SG,12.0,0.0,11.3,1.7,4.9,0.339,0.2,0.3,0.5,1.5,4.6,0.327,0.356,1.4,1.7,0.85,0.8,0.9,1.7,1.1,0.4,0.1,0.8,0.7,4.9,,1997-98
305.0,Kelvin Cato (1997-98),23.0,POR,C,74.0,8.0,13.6,1.3,3.1,0.428,0.0,0.0,0.0,1.3,3.1,0.434,0.428,1.2,1.7,0.688,1.2,2.2,3.4,0.3,0.4,1.3,0.6,2.2,3.8,,1997-98
306.0,Chris Crawford (1997-98),22.0,ATL,PF,40.0,0.0,6.4,1.2,2.8,0.418,0.0,0.1,0.333,1.1,2.7,0.421,0.423,1.4,1.7,0.838,0.5,0.5,1.0,0.2,0.3,0.2,0.5,0.7,3.8,,1997-98
307.0,Lucious Harris (1997-98),27.0,NJN,SG,50.0,0.0,13.4,1.4,3.5,0.39,0.2,0.8,0.308,1.1,2.8,0.413,0.424,0.8,1.1,0.745,0.4,0.6,1.0,0.8,0.8,0.1,0.4,1.5,3.8,,1997-98
308.0,John Crotty (1997-98),28.0,POR,PG,26.0,2.0,14.6,1.1,3.5,0.322,0.2,0.8,0.3,0.9,2.7,0.329,0.356,1.2,1.3,0.941,0.2,1.1,1.2,2.4,0.4,0.0,1.6,1.1,3.7,,1997-98
309.0,Priest Lauderdale (1997-98),24.0,DEN,C,39.0,0.0,8.8,1.4,3.3,0.417,0.0,0.0,,1.4,3.3,0.417,0.417,1.0,1.8,0.551,0.7,1.9,2.6,0.5,0.2,0.4,1.2,1.6,3.7,,1997-98
310.0,Corie Blount (1997-98),29.0,LAL,PF,70.0,3.0,14.7,1.5,2.7,0.572,0.0,0.1,0.0,1.5,2.6,0.585,0.572,0.6,1.1,0.5,1.6,2.6,4.3,0.5,0.4,0.4,0.7,2.2,3.6,,1997-98
311.0,Eric Riley (1997-98),27.0,DAL,C,39.0,14.0,13.9,1.4,3.5,0.415,0.0,0.0,0.0,1.4,3.4,0.418,0.415,0.7,0.9,0.75,1.1,2.3,3.4,0.6,0.4,1.2,0.9,2.1,3.6,,1997-98
312.0,Hot Rod Williams (1997-98),35.0,PHO,C,71.0,30.0,18.8,1.3,2.8,0.47,0.0,0.0,,1.3,2.8,0.47,0.47,0.9,1.3,0.699,1.5,2.9,4.4,0.7,0.5,0.8,0.4,1.9,3.6,,1997-98
313.0,Charles Smith (1997-98),22.0,2TM,SG,34.0,0.0,8.6,1.4,3.7,0.392,0.4,1.4,0.319,1.0,2.3,0.436,0.452,0.2,0.3,0.545,0.4,0.4,0.8,0.6,0.4,0.2,0.8,0.7,3.5,,1997-98
313.0,Charles Smith (1997-98),22.0,MIA,SG,11.0,0.0,2.9,0.4,1.6,0.222,0.1,0.3,0.333,0.3,1.4,0.2,0.25,0.1,0.2,0.5,0.5,0.3,0.7,0.2,0.2,0.1,0.5,0.3,0.9,,1997-98
313.0,Charles Smith (1997-98),22.0,LAC,SG,23.0,0.0,11.3,2.0,4.7,0.421,0.6,1.9,0.318,1.3,2.7,0.492,0.486,0.2,0.4,0.556,0.3,0.5,0.8,0.8,0.4,0.2,0.9,0.9,4.7,,1997-98
314.0,Kevin Ollie (1997-98),25.0,2TM,PG,35.0,0.0,12.3,1.1,2.8,0.378,0.0,0.0,0.0,1.1,2.8,0.381,0.378,1.4,2.0,0.7,0.3,0.9,1.1,1.9,0.4,0.0,1.3,0.9,3.5,,1997-98
314.0,Kevin Ollie (1997-98),25.0,DAL,PG,16.0,0.0,13.4,0.9,2.6,0.333,0.0,0.0,,0.9,2.6,0.333,0.333,1.1,1.6,0.72,0.4,0.9,1.3,2.0,0.4,0.0,1.0,1.0,2.9,,1997-98
314.0,Kevin Ollie (1997-98),25.0,ORL,PG,19.0,0.0,11.4,1.2,2.9,0.411,0.0,0.1,0.0,1.2,2.9,0.418,0.411,1.6,2.4,0.689,0.2,0.8,0.9,1.7,0.4,0.0,1.5,0.8,4.1,,1997-98
315.0,Rusty LaRue (1997-98),24.0,CHI,PG,14.0,0.0,10.0,1.4,3.5,0.408,0.3,1.1,0.25,1.1,2.4,0.485,0.449,0.4,0.6,0.625,0.1,0.5,0.6,0.4,0.2,0.1,0.4,0.9,3.5,,1997-98
316.0,Grant Long (1997-98),31.0,DET,PF,40.0,17.0,18.5,1.3,2.9,0.427,0.0,0.1,0.0,1.3,2.8,0.442,0.427,1.0,1.4,0.719,1.4,2.3,3.8,0.6,0.7,0.3,0.6,2.3,3.5,,1997-98
317.0,Don Reid (1997-98),24.0,DET,PF,68.0,44.0,14.6,1.4,2.6,0.534,0.0,0.0,,1.4,2.6,0.534,0.534,0.7,1.0,0.704,1.1,1.4,2.6,0.4,0.4,0.8,0.4,2.7,3.5,,1997-98
318.0,Bill Wennington (1997-98),34.0,CHI,C,48.0,8.0,9.7,1.6,3.6,0.436,0.0,0.0,,1.6,3.6,0.436,0.436,0.4,0.4,0.81,0.7,1.0,1.7,0.4,0.1,0.1,0.3,1.6,3.5,,1997-98
319.0,Travis Williams (1997-98),28.0,CHH,SF,39.0,0.0,9.4,1.4,3.1,0.471,0.0,0.0,0.0,1.4,3.0,0.475,0.471,0.6,1.2,0.522,1.4,1.0,2.4,0.5,0.5,0.1,0.8,1.4,3.5,,1997-98
320.0,Carl Thomas (1997-98),28.0,3TM,SG,43.0,0.0,9.9,1.3,3.3,0.4,0.5,1.4,0.339,0.8,1.9,0.444,0.471,0.4,0.6,0.64,0.2,0.9,1.1,0.4,0.5,0.2,0.4,0.9,3.4,,1997-98
320.0,Carl Thomas (1997-98),28.0,GSW,SG,10.0,0.0,13.9,2.5,6.5,0.385,0.5,2.1,0.238,2.0,4.4,0.455,0.423,0.7,1.0,0.7,0.4,0.6,1.0,0.9,0.5,0.1,0.6,1.2,6.2,,1997-98
320.0,Carl Thomas (1997-98),28.0,ORL,SG,4.0,0.0,3.8,1.0,1.3,0.8,0.0,0.0,,1.0,1.3,0.8,0.8,0.3,0.5,0.5,0.0,0.0,0.0,0.3,0.0,0.3,0.0,0.0,2.3,,1997-98
320.0,Carl Thomas (1997-98),28.0,CLE,SG,29.0,0.0,9.4,0.9,2.4,0.386,0.5,1.3,0.395,0.4,1.1,0.375,0.493,0.3,0.4,0.615,0.2,1.1,1.3,0.3,0.6,0.2,0.4,0.9,2.7,,1997-98
321.0,Mark Hendrickson (1997-98),23.0,SAC,PF,48.0,1.0,15.4,1.2,3.1,0.389,0.0,0.1,0.0,1.2,3.0,0.403,0.389,1.0,1.2,0.825,0.7,2.3,3.0,0.9,0.5,0.2,0.6,1.3,3.4,,1997-98
322.0,Nate McMillan (1997-98),33.0,SEA,SG,18.0,1.0,15.5,1.3,3.7,0.343,0.8,1.9,0.441,0.4,1.8,0.242,0.455,0.1,0.1,1.0,0.7,1.5,2.2,3.1,0.8,0.2,0.7,2.3,3.4,,1997-98
323.0,Sean Rooks (1997-98),28.0,LAL,C,41.0,1.0,10.4,1.1,2.5,0.455,0.0,0.0,,1.1,2.5,0.455,0.455,1.1,1.9,0.595,1.1,1.8,2.9,0.6,0.0,0.6,0.5,1.7,3.4,,1997-98
324.0,Eric Snow (1997-98),24.0,2TM,PG,64.0,0.0,14.3,1.2,2.9,0.429,0.0,0.3,0.118,1.2,2.6,0.461,0.435,0.8,1.1,0.69,0.3,1.0,1.3,2.8,0.9,0.1,1.0,1.8,3.3,,1997-98
324.0,Eric Snow (1997-98),24.0,SEA,PG,17.0,0.0,4.4,0.6,1.4,0.435,0.0,0.1,0.0,0.6,1.3,0.455,0.435,0.3,0.6,0.5,0.0,0.2,0.2,0.8,0.0,0.1,0.7,0.9,1.5,,1997-98
324.0,Eric Snow (1997-98),24.0,PHI,PG,47.0,0.0,18.0,1.5,3.4,0.429,0.0,0.3,0.125,1.4,3.1,0.462,0.435,0.9,1.3,0.721,0.4,1.2,1.6,3.5,1.3,0.1,1.1,2.1,3.9,,1997-98
325.0,Dickey Simpkins (1997-98),25.0,2TM,PF,40.0,0.0,10.8,1.2,2.2,0.539,0.0,0.1,0.0,1.2,2.2,0.552,0.539,0.9,1.8,0.514,0.7,1.3,1.9,0.8,0.2,0.1,0.8,1.4,3.3,,1997-98
325.0,Dickey Simpkins (1997-98),25.0,GSW,PF,19.0,0.0,10.3,1.2,2.5,0.458,0.0,0.1,0.0,1.2,2.5,0.468,0.458,0.5,1.4,0.385,1.0,1.4,2.4,0.8,0.3,0.1,1.0,1.0,2.8,,1997-98
325.0,Dickey Simpkins (1997-98),25.0,CHI,PF,21.0,0.0,11.3,1.2,2.0,0.634,0.0,0.0,0.0,1.2,1.9,0.65,0.634,1.2,2.1,0.591,0.4,1.1,1.5,0.8,0.2,0.1,0.6,1.7,3.7,,1997-98
326.0,Bubba Wells (1997-98),23.0,DAL,SG,39.0,2.0,10.1,1.2,3.0,0.414,0.0,0.2,0.167,1.2,2.8,0.427,0.418,0.8,1.1,0.721,0.6,1.2,1.7,0.9,0.4,0.1,0.8,1.0,3.3,,1997-98
327.0,Corey Beck (1997-98),26.0,CHH,PG,59.0,14.0,12.5,1.2,2.7,0.459,0.0,0.1,0.5,1.2,2.6,0.458,0.465,0.7,1.0,0.729,0.5,1.1,1.5,1.7,0.6,0.1,1.2,1.7,3.2,,1997-98
328.0,Jim McIlvaine (1997-98),25.0,SEA,C,78.0,72.0,15.5,1.3,2.9,0.453,0.0,0.0,0.0,1.3,2.8,0.459,0.453,0.6,1.0,0.556,1.2,2.1,3.3,0.2,0.3,1.8,0.7,3.1,3.2,,1997-98
329.0,Johnny Taylor (1997-98),23.0,ORL,SF,12.0,0.0,9.0,1.1,3.1,0.351,0.1,0.2,0.5,1.0,2.9,0.343,0.365,0.9,1.3,0.688,0.3,0.8,1.1,0.1,0.3,0.2,0.7,1.8,3.2,,1997-98
330.0,Bill Curley (1997-98),25.0,MIN,PF,11.0,1.0,13.3,1.5,3.0,0.485,0.0,0.1,0.0,1.5,2.9,0.5,0.485,0.2,0.3,0.667,1.0,1.5,2.5,0.4,0.3,0.1,0.3,2.5,3.1,,1997-98
331.0,Chris Dudley (1997-98),32.0,NYK,C,51.0,22.0,16.8,1.1,2.8,0.406,0.0,0.0,,1.1,2.8,0.406,0.406,0.8,1.8,0.446,2.1,3.3,5.4,0.4,0.3,1.0,0.9,2.7,3.1,,1997-98
332.0,God Shammgod (1997-98),21.0,WAS,PG,20.0,0.0,7.3,1.0,2.9,0.328,0.0,0.1,0.0,1.0,2.8,0.339,0.328,1.2,1.5,0.767,0.1,0.3,0.4,1.8,0.4,0.1,1.1,1.4,3.1,,1997-98
333.0,Jacque Vaughn (1997-98),22.0,UTA,PG,45.0,0.0,9.3,1.0,2.7,0.361,0.1,0.2,0.375,0.9,2.5,0.36,0.373,1.1,1.5,0.706,0.1,0.8,0.8,1.9,0.2,0.0,1.2,1.4,3.1,,1997-98
334.0,Ben Wallace (1997-98),23.0,WAS,C,67.0,16.0,16.8,1.3,2.4,0.518,0.0,0.0,,1.3,2.4,0.518,0.518,0.5,1.5,0.357,1.7,3.2,4.8,0.3,0.9,1.1,0.4,1.7,3.1,,1997-98
335.0,Pervis Ellison (1997-98),30.0,BOS,PF,33.0,8.0,13.5,1.2,2.1,0.571,0.0,0.0,,1.2,2.1,0.571,0.571,0.6,1.0,0.588,1.6,1.7,3.3,0.9,0.6,0.9,0.8,2.7,3.0,,1997-98
336.0,Adonal Foyle (1997-98),22.0,GSW,C,55.0,1.0,11.9,1.3,3.1,0.406,0.0,0.0,0.0,1.3,3.1,0.408,0.406,0.5,1.1,0.435,1.3,2.0,3.3,0.3,0.2,0.9,0.9,1.7,3.0,,1997-98
337.0,Horacio Llamas (1997-98),24.0,PHO,C,8.0,0.0,5.3,1.0,2.6,0.381,0.1,0.4,0.333,0.9,2.3,0.389,0.405,0.9,1.3,0.7,0.5,1.8,2.3,0.1,0.1,0.4,1.1,1.8,3.0,,1997-98
338.0,Brian Oliver (1997-98),29.0,ATL,SG,5.0,0.0,12.2,1.4,3.8,0.368,0.0,0.0,,1.4,3.8,0.368,0.368,0.2,0.8,0.25,0.6,1.2,1.8,0.4,0.2,0.0,0.2,0.8,3.0,,1997-98
339.0,Malik Rose (1997-98),23.0,SAS,PF,53.0,0.0,8.1,1.1,2.6,0.434,0.0,0.1,0.333,1.1,2.5,0.436,0.438,0.7,1.2,0.639,0.8,0.9,1.7,0.4,0.4,0.1,0.8,1.5,3.0,,1997-98
340.0,Stojko Vranković (1997-98),34.0,LAC,C,65.0,38.0,15.3,1.2,2.9,0.425,0.0,0.0,,1.2,2.9,0.425,0.425,0.6,1.0,0.569,1.1,3.0,4.0,0.6,0.2,1.0,0.7,2.0,3.0,,1997-98
341.0,Spud Webb (1997-98),34.0,ORL,PG,4.0,0.0,8.5,1.3,3.0,0.417,0.0,0.3,0.0,1.3,2.8,0.455,0.417,0.5,0.5,1.0,0.5,0.3,0.8,1.3,0.3,0.0,1.8,1.5,3.0,,1997-98
342.0,Eric Montross (1997-98),26.0,2TM,C,48.0,30.0,14.4,1.3,3.0,0.424,0.0,0.0,,1.3,3.0,0.424,0.424,0.3,0.8,0.4,1.4,2.7,4.1,0.2,0.3,0.6,0.6,2.6,2.9,,1997-98
342.0,Eric Montross (1997-98),26.0,PHI,C,20.0,20.0,16.9,1.5,3.8,0.395,0.0,0.0,,1.5,3.8,0.395,0.395,0.4,1.0,0.368,1.4,3.2,4.6,0.4,0.4,0.6,0.8,3.1,3.4,,1997-98
342.0,Eric Montross (1997-98),26.0,DET,C,28.0,10.0,12.6,1.1,2.4,0.456,0.0,0.0,,1.1,2.4,0.456,0.456,0.3,0.8,0.429,1.5,2.4,3.8,0.1,0.2,0.5,0.5,2.4,2.5,,1997-98
343.0,Austin Croshere (1997-98),22.0,IND,PF,26.0,0.0,9.3,1.2,3.3,0.372,0.2,0.5,0.308,1.1,2.8,0.384,0.395,0.3,0.5,0.571,0.4,1.3,1.7,0.3,0.3,0.2,0.5,1.2,2.9,,1997-98
344.0,Carl Herrera (1997-98),31.0,SAS,PF,58.0,1.0,8.9,1.3,3.0,0.434,0.0,0.0,0.0,1.3,3.0,0.437,0.434,0.3,0.8,0.409,0.4,1.2,1.6,0.4,0.3,0.2,0.7,1.2,2.9,,1997-98
345.0,Henry James (1997-98),32.0,CLE,PF,28.0,0.0,5.9,0.9,2.1,0.407,0.4,0.9,0.44,0.5,1.2,0.382,0.5,0.8,0.8,0.955,0.1,0.5,0.5,0.2,0.0,0.0,0.4,0.9,2.9,,1997-98
346.0,Dontae' Jones (1997-98),22.0,BOS,SF,15.0,0.0,6.1,1.3,3.8,0.333,0.4,1.5,0.261,0.9,2.3,0.382,0.386,0.0,0.0,,0.2,0.4,0.6,0.3,0.1,0.2,0.7,0.8,2.9,,1997-98
347.0,John Thomas (1997-98),22.0,2TM,PF,54.0,2.0,9.9,1.0,2.1,0.487,0.0,0.0,,1.0,2.1,0.487,0.487,0.8,1.0,0.759,0.9,1.1,2.0,0.3,0.4,0.2,0.9,1.8,2.8,,1997-98
347.0,John Thomas (1997-98),22.0,BOS,PF,33.0,2.0,11.2,1.2,2.4,0.513,0.0,0.0,,1.2,2.4,0.513,0.513,0.8,1.0,0.788,1.0,1.2,2.1,0.4,0.6,0.3,1.0,2.0,3.3,,1997-98
347.0,John Thomas (1997-98),22.0,TOR,PF,21.0,0.0,8.0,0.7,1.6,0.424,0.0,0.0,,0.7,1.6,0.424,0.424,0.7,1.0,0.714,0.8,1.0,1.7,0.2,0.1,0.1,0.6,1.5,2.0,,1997-98
348.0,Anthony Bowie (1997-98),34.0,NYK,SG,27.0,3.0,8.3,1.2,2.2,0.542,0.1,0.1,0.75,1.1,2.0,0.527,0.568,0.3,0.3,0.889,0.3,0.6,1.0,0.4,0.2,0.1,0.3,0.9,2.8,,1997-98
349.0,Marko Milič (1997-98),20.0,PHO,SF,33.0,0.0,4.9,1.2,1.9,0.609,0.1,0.2,0.5,1.1,1.8,0.621,0.633,0.3,0.5,0.647,0.3,0.5,0.8,0.4,0.3,0.0,0.6,0.5,2.8,,1997-98
350.0,Larry Robinson (1997-98),30.0,VAN,SF,6.0,0.0,6.8,1.0,3.2,0.316,0.5,1.0,0.5,0.5,2.2,0.231,0.395,0.3,0.3,1.0,0.3,1.7,2.0,0.2,0.7,0.0,0.3,0.0,2.8,,1997-98
351.0,Jud Buechler (1997-98),29.0,CHI,SF,74.0,0.0,8.2,1.1,2.4,0.483,0.3,0.9,0.385,0.8,1.5,0.541,0.554,0.0,0.1,0.5,0.3,0.7,1.0,0.7,0.3,0.2,0.3,0.6,2.7,,1997-98
352.0,James Cotton (1997-98),22.0,SEA,SG,9.0,0.0,3.7,0.9,2.3,0.381,0.0,0.4,0.0,0.9,1.9,0.471,0.381,0.9,1.0,0.889,0.2,0.4,0.7,0.0,0.1,0.1,0.7,0.3,2.7,,1997-98
353.0,Greg Graham (1997-98),27.0,CLE,SG,6.0,0.0,9.3,1.2,2.0,0.583,0.0,0.5,0.0,1.2,1.5,0.778,0.583,0.3,0.3,1.0,0.0,0.2,0.2,1.0,0.2,0.0,1.7,1.2,2.7,,1997-98
354.0,Andrew Lang (1997-98),31.0,MIL,C,57.0,0.0,12.1,0.9,2.5,0.378,0.0,0.0,0.0,0.9,2.5,0.38,0.378,0.8,1.0,0.772,1.0,1.7,2.7,0.3,0.3,0.5,0.6,1.8,2.7,,1997-98
355.0,Doug Overton (1997-98),28.0,PHI,PG,23.0,2.0,12.0,1.0,2.7,0.381,0.0,0.1,0.0,1.0,2.6,0.4,0.381,0.6,0.7,0.875,0.1,0.5,0.6,1.6,0.3,0.0,1.0,1.5,2.7,,1997-98
356.0,Scot Pollard (1997-98),22.0,DET,C,33.0,0.0,9.6,1.1,2.1,0.5,0.0,0.0,,1.1,2.1,0.5,0.5,0.6,0.7,0.826,1.0,1.2,2.2,0.3,0.2,0.3,0.4,1.5,2.7,,1997-98
357.0,Tony Smith (1997-98),29.0,MIL,PG,7.0,0.0,11.4,1.1,3.4,0.333,0.0,0.6,0.0,1.1,2.9,0.4,0.333,0.4,0.6,0.75,0.6,0.4,1.0,1.4,0.7,0.3,1.3,1.0,2.7,,1997-98
358.0,Kebu Stewart (1997-98),24.0,PHI,PF,15.0,0.0,7.3,0.8,1.7,0.462,0.0,0.0,,0.8,1.7,0.462,0.462,1.1,1.7,0.64,0.6,1.5,2.1,0.1,0.3,0.1,0.5,0.9,2.7,,1997-98
359.0,James Collins (1997-98),24.0,LAC,SG,23.0,0.0,4.5,0.9,2.4,0.382,0.4,0.9,0.45,0.5,1.5,0.343,0.464,0.3,0.6,0.571,0.3,0.3,0.6,0.1,0.3,0.1,0.3,0.5,2.6,,1997-98
360.0,Harvey Grant (1997-98),32.0,WAS,SF,65.0,8.0,13.8,1.2,3.0,0.383,0.0,0.1,0.167,1.1,2.9,0.389,0.385,0.3,0.5,0.633,0.9,1.7,2.6,0.6,0.4,0.2,0.4,1.4,2.6,,1997-98
361.0,Reggie Jordan (1997-98),30.0,MIN,SG,57.0,1.0,8.5,0.9,2.0,0.478,0.0,0.0,0.0,0.9,2.0,0.482,0.478,0.7,1.3,0.569,1.0,0.7,1.7,0.9,0.6,0.2,0.5,1.1,2.6,,1997-98
362.0,Micheal Williams (1997-98),31.0,MIN,PG,25.0,0.0,6.4,0.6,1.9,0.333,0.0,0.2,0.0,0.6,1.8,0.364,0.333,1.3,1.3,0.97,0.1,0.5,0.6,1.3,0.4,0.1,0.6,1.0,2.6,,1997-98
363.0,David Wingate (1997-98),34.0,SEA,SG,58.0,2.0,9.4,1.1,2.4,0.471,0.1,0.1,0.429,1.1,2.3,0.474,0.482,0.3,0.5,0.517,0.3,1.0,1.4,0.6,0.4,0.1,0.6,1.0,2.6,,1997-98
364.0,Donald Royal (1997-98),31.0,2TM,SF,31.0,5.0,10.4,0.8,2.2,0.362,0.0,0.0,,0.8,2.2,0.362,0.362,0.9,1.1,0.879,0.6,0.7,1.3,0.5,0.2,0.0,0.3,1.1,2.5,,1997-98
364.0,Donald Royal (1997-98),31.0,ORL,SF,2.0,0.0,9.0,0.5,3.0,0.167,0.0,0.0,,0.5,3.0,0.167,0.167,1.5,2.0,0.75,1.0,1.0,2.0,0.5,0.5,0.0,1.5,2.5,2.5,,1997-98
364.0,Donald Royal (1997-98),31.0,CHH,SF,29.0,5.0,10.5,0.8,2.2,0.381,0.0,0.0,,0.8,2.2,0.381,0.381,0.9,1.0,0.897,0.6,0.7,1.3,0.6,0.2,0.0,0.2,1.0,2.6,,1997-98
365.0,Jon Barry (1997-98),28.0,LAL,SG,49.0,1.0,7.6,0.8,2.1,0.365,0.4,1.2,0.295,0.4,0.9,0.465,0.452,0.6,0.6,0.931,0.2,0.6,0.8,1.0,0.5,0.1,0.4,0.7,2.5,,1997-98
366.0,Tony Farmer (1997-98),28.0,CHH,C,27.0,2.0,6.3,0.6,2.0,0.321,0.1,0.3,0.222,0.6,1.6,0.341,0.34,1.1,1.4,0.795,0.6,0.6,1.2,0.2,0.4,0.1,0.3,0.9,2.5,,1997-98
367.0,Reggie Geary (1997-98),24.0,SAS,PG,62.0,2.0,11.0,0.9,2.7,0.331,0.2,0.6,0.3,0.7,2.1,0.341,0.367,0.5,0.9,0.5,0.3,0.8,1.1,1.2,0.6,0.2,0.7,1.5,2.5,,1997-98
368.0,George Zídek (1997-98),24.0,2TM,C,12.0,0.0,5.3,0.6,2.4,0.241,0.1,0.2,0.5,0.5,2.3,0.222,0.259,1.2,1.3,0.875,0.3,1.1,1.4,0.2,0.0,0.2,0.3,0.8,2.4,,1997-98
368.0,George Zídek (1997-98),24.0,DEN,C,6.0,0.0,7.0,0.7,2.5,0.267,0.0,0.0,,0.7,2.5,0.267,0.267,1.7,2.0,0.833,0.7,1.5,2.2,0.2,0.0,0.3,0.5,0.8,3.0,,1997-98
368.0,George Zídek (1997-98),24.0,SEA,C,6.0,0.0,3.7,0.5,2.3,0.214,0.2,0.3,0.5,0.3,2.0,0.167,0.25,0.7,0.7,1.0,0.0,0.7,0.7,0.2,0.0,0.0,0.2,0.8,1.8,,1997-98
369.0,Keith Askins (1997-98),30.0,MIA,SF,46.0,12.0,14.8,0.8,2.7,0.32,0.5,1.6,0.284,0.4,1.0,0.375,0.406,0.3,0.4,0.632,0.6,1.6,2.2,0.6,0.6,0.3,0.6,2.3,2.4,,1997-98
370.0,Duane Causwell (1997-98),29.0,MIA,C,37.0,2.0,9.8,1.0,2.4,0.416,0.0,0.0,,1.0,2.4,0.416,0.416,0.4,0.7,0.577,0.8,1.9,2.7,0.1,0.2,0.7,0.5,2.0,2.4,,1997-98
371.0,Kiwane Lemorris Garris (1997-98),23.0,DEN,SG,28.0,0.0,8.0,0.8,2.3,0.338,0.2,0.5,0.357,0.6,1.8,0.333,0.377,0.7,0.9,0.76,0.1,0.6,0.7,1.0,0.3,0.0,0.5,0.8,2.4,,1997-98
372.0,Rick Mahorn (1997-98),39.0,DET,C,59.0,0.0,12.0,1.0,2.2,0.457,0.0,0.0,,1.0,2.2,0.457,0.457,0.4,0.6,0.676,1.1,2.2,3.3,0.3,0.2,0.1,0.6,2.1,2.4,,1997-98
373.0,Felton Spencer (1997-98),30.0,GSW,C,68.0,0.0,12.0,0.9,1.9,0.457,0.0,0.0,,0.9,1.9,0.457,0.457,0.6,1.2,0.557,1.4,2.0,3.3,0.3,0.3,0.5,0.7,2.6,2.4,,1997-98
374.0,Jamie Feick (1997-98),23.0,MIL,PF,45.0,2.0,10.0,0.9,2.0,0.433,0.1,0.3,0.308,0.8,1.7,0.455,0.456,0.4,0.9,0.488,1.0,1.8,2.8,0.4,0.6,0.4,0.5,1.5,2.3,,1997-98
375.0,Sharone Wright (1997-98),25.0,TOR,C,7.0,0.0,6.3,1.0,2.0,0.5,0.0,0.0,,1.0,2.0,0.5,0.5,0.3,0.6,0.5,0.1,1.1,1.3,0.6,0.0,0.0,0.3,1.0,2.3,,1997-98
376.0,Vincent Askew (1997-98),31.0,POR,SG,30.0,5.0,14.8,0.6,1.8,0.352,0.0,0.1,0.0,0.6,1.7,0.365,0.352,0.9,1.3,0.718,0.7,1.6,2.3,1.3,0.6,0.2,1.2,1.3,2.2,,1997-98
377.0,Rex Walters (1997-98),27.0,2TM,SG,38.0,0.0,6.2,0.6,1.4,0.453,0.2,0.6,0.273,0.5,0.8,0.581,0.509,0.7,0.7,0.929,0.1,0.5,0.6,0.9,0.2,0.0,0.7,0.7,2.1,,1997-98
377.0,Rex Walters (1997-98),27.0,PHI,SG,19.0,0.0,6.7,0.6,1.5,0.379,0.2,0.7,0.214,0.4,0.8,0.533,0.431,0.9,0.9,1.0,0.2,0.3,0.5,1.1,0.3,0.0,0.9,0.9,2.2,,1997-98
377.0,Rex Walters (1997-98),27.0,MIA,SG,19.0,0.0,5.7,0.7,1.3,0.542,0.2,0.4,0.375,0.5,0.8,0.625,0.604,0.5,0.6,0.818,0.1,0.7,0.8,0.7,0.2,0.1,0.5,0.6,2.0,,1997-98
378.0,Drew Barry (1997-98),24.0,ATL,PG,27.0,0.0,9.5,0.7,1.4,0.474,0.3,0.8,0.429,0.3,0.6,0.529,0.592,0.4,0.5,0.846,0.2,1.1,1.3,1.8,0.4,0.0,1.1,1.0,2.1,,1997-98
379.0,Willie Burton (1997-98),29.0,SAS,SF,13.0,0.0,3.3,0.6,1.6,0.381,0.2,0.7,0.333,0.4,0.9,0.417,0.452,0.6,0.9,0.667,0.2,0.5,0.7,0.1,0.2,0.2,0.1,0.5,2.1,,1997-98
380.0,Mitchell Butler (1997-98),27.0,CLE,SG,18.0,0.0,11.4,0.8,2.6,0.319,0.1,0.3,0.167,0.8,2.3,0.341,0.33,0.3,0.6,0.6,0.3,0.9,1.2,1.0,0.4,0.0,0.4,1.4,2.1,,1997-98
381.0,Brad Lohaus (1997-98),33.0,SAS,PF,9.0,0.0,11.3,0.8,2.3,0.333,0.4,1.6,0.286,0.3,0.8,0.429,0.429,0.1,0.3,0.333,0.3,1.0,1.3,0.6,0.1,0.2,0.3,1.1,2.1,,1997-98
382.0,Anthony Miller (1997-98),26.0,ATL,PF,37.0,0.0,6.2,0.8,1.4,0.558,0.0,0.0,,0.8,1.4,0.558,0.558,0.6,1.1,0.538,0.8,1.1,1.9,0.1,0.4,0.1,0.4,1.1,2.1,,1997-98
383.0,Ivano Newbill (1997-98),27.0,VAN,PF,28.0,2.0,8.9,0.7,2.0,0.351,0.0,0.0,1.0,0.7,2.0,0.339,0.36,0.6,1.1,0.567,0.9,1.6,2.5,0.3,0.4,0.1,0.6,1.4,2.1,,1997-98
384.0,Charles O'Bannon (1997-98),22.0,DET,SG,30.0,0.0,7.8,0.9,2.3,0.377,0.0,0.1,0.0,0.9,2.2,0.394,0.377,0.4,0.5,0.8,0.5,0.6,1.1,0.6,0.3,0.0,0.3,0.5,2.1,,1997-98
385.0,Jeff Grayer (1997-98),32.0,2TM,SG,5.0,0.0,6.8,0.8,2.2,0.364,0.4,1.2,0.333,0.4,1.0,0.4,0.455,0.0,0.0,,0.0,0.8,0.8,0.4,0.4,0.0,0.8,1.4,2.0,,1997-98
385.0,Jeff Grayer (1997-98),32.0,CHH,SG,1.0,0.0,11.0,0.0,4.0,0.0,0.0,3.0,0.0,0.0,1.0,0.0,0.0,0.0,0.0,,0.0,0.0,0.0,1.0,0.0,0.0,2.0,0.0,0.0,,1997-98
385.0,Jeff Grayer (1997-98),32.0,GSW,SG,4.0,0.0,5.8,1.0,1.8,0.571,0.5,0.8,0.667,0.5,1.0,0.5,0.714,0.0,0.0,,0.0,1.0,1.0,0.3,0.5,0.0,0.5,1.8,2.5,,1997-98
386.0,Tony Dumas (1997-98),25.0,CLE,SG,7.0,0.0,6.7,0.9,1.7,0.5,0.3,0.6,0.5,0.6,1.1,0.5,0.583,0.0,0.4,0.0,0.1,0.6,0.7,0.7,0.0,0.0,0.7,0.7,2.0,,1997-98
387.0,Darvin Ham (1997-98),24.0,WAS,SF,71.0,3.0,8.9,0.8,1.5,0.529,0.0,0.0,,0.8,1.5,0.529,0.529,0.5,1.0,0.473,1.0,0.8,1.8,0.2,0.3,0.4,0.5,1.7,2.0,,1997-98
388.0,Joe Kleine (1997-98),36.0,CHI,C,46.0,1.0,8.6,0.8,2.3,0.368,0.0,0.0,,0.8,2.3,0.368,0.368,0.3,0.4,0.833,0.6,1.1,1.7,0.7,0.1,0.1,0.6,1.4,2.0,,1997-98
389.0,Antonio Lang (1997-98),25.0,MIA,SF,6.0,0.0,4.8,0.5,0.8,0.6,0.0,0.0,,0.5,0.8,0.6,0.6,1.0,1.3,0.75,0.3,0.5,0.8,0.2,0.3,0.0,0.7,0.5,2.0,,1997-98
390.0,Brooks Thompson (1997-98),27.0,2TM,PG,30.0,0.0,5.6,0.8,1.9,0.411,0.3,1.0,0.3,0.5,0.9,0.538,0.491,0.1,0.3,0.5,0.0,0.5,0.5,0.9,0.3,0.0,0.5,0.7,2.0,,1997-98
390.0,Brooks Thompson (1997-98),27.0,PHO,PG,13.0,0.0,3.5,0.8,2.1,0.37,0.4,1.2,0.313,0.4,0.8,0.455,0.463,0.1,0.2,0.333,0.1,0.3,0.4,0.2,0.3,0.0,0.4,0.5,2.0,,1997-98
390.0,Brooks Thompson (1997-98),27.0,NYK,PG,17.0,0.0,7.1,0.8,1.7,0.448,0.2,0.8,0.286,0.5,0.9,0.6,0.517,0.2,0.3,0.6,0.0,0.6,0.6,1.4,0.4,0.1,0.6,0.9,1.9,,1997-98
391.0,Duane Ferrell (1997-98),32.0,GSW,SF,50.0,5.0,9.2,0.8,2.2,0.369,0.0,0.1,0.0,0.8,2.1,0.39,0.369,0.2,0.4,0.545,0.5,0.4,0.9,0.5,0.4,0.1,0.4,1.0,1.9,,1997-98
392.0,Stephen Howard (1997-98),27.0,SEA,SF,13.0,0.0,4.1,0.6,1.6,0.381,0.0,0.0,,0.6,1.6,0.381,0.381,0.7,1.4,0.5,0.5,0.5,0.9,0.2,0.2,0.1,0.5,1.0,1.9,,1997-98
393.0,Gerald Madkins (1997-98),28.0,GSW,SG,19.0,0.0,12.8,0.7,1.8,0.382,0.3,0.8,0.4,0.4,1.0,0.368,0.471,0.3,0.4,0.714,0.1,0.7,0.8,2.4,0.7,0.1,0.7,0.9,1.9,,1997-98
394.0,Anthony Parker (1997-98),22.0,PHI,SG,37.0,0.0,5.3,0.7,1.7,0.397,0.2,0.8,0.321,0.4,0.9,0.457,0.468,0.4,0.5,0.65,0.2,0.5,0.7,0.5,0.3,0.1,0.3,0.5,1.9,,1997-98
395.0,Lorenzo Williams (1997-98),28.0,WAS,PF,14.0,6.0,7.9,0.9,1.2,0.765,0.0,0.0,,0.9,1.2,0.765,0.765,0.0,0.1,0.0,1.1,0.7,1.9,0.2,0.1,0.2,0.1,1.2,1.9,,1997-98
396.0,Greg Anderson (1997-98),33.0,ATL,C,50.0,0.0,8.0,0.7,1.6,0.444,0.0,0.1,0.0,0.7,1.5,0.474,0.444,0.3,0.8,0.39,0.8,1.6,2.4,0.3,0.4,0.2,0.3,1.7,1.8,,1997-98
397.0,Scott Brooks (1997-98),32.0,CLE,PG,43.0,0.0,7.3,0.7,1.5,0.424,0.1,0.3,0.455,0.5,1.3,0.418,0.462,0.4,0.5,0.9,0.1,0.6,0.7,1.1,0.4,0.1,0.3,0.6,1.8,,1997-98
398.0,Keith Booth (1997-98),23.0,CHI,SF,6.0,0.0,2.8,0.3,1.0,0.333,0.0,0.2,0.0,0.3,0.8,0.4,0.333,1.0,1.0,1.0,0.3,0.3,0.7,0.2,0.0,0.0,0.5,0.5,1.7,,1997-98
399.0,Tim Breaux (1997-98),27.0,MIL,SF,6.0,0.0,5.0,0.7,1.8,0.364,0.2,0.5,0.333,0.5,1.3,0.375,0.409,0.2,0.3,0.5,0.0,0.3,0.3,0.3,0.3,0.2,0.2,0.2,1.7,,1997-98
400.0,DeJuan Wheat (1997-98),24.0,MIN,PG,34.0,0.0,4.4,0.6,1.5,0.4,0.2,0.5,0.471,0.4,1.0,0.364,0.48,0.3,0.4,0.6,0.1,0.2,0.3,0.7,0.2,0.0,0.3,0.4,1.7,,1997-98
401.0,Derek Grimm (1997-98),23.0,SAC,SF,9.0,0.0,3.8,0.4,1.6,0.286,0.4,1.3,0.333,0.0,0.2,0.0,0.429,0.2,0.2,1.0,0.0,0.4,0.4,0.0,0.3,0.1,0.3,0.7,1.6,,1997-98
402.0,Steve Henson (1997-98),29.0,DET,PG,23.0,0.0,2.8,0.6,1.1,0.5,0.1,0.3,0.375,0.4,0.8,0.556,0.558,0.3,0.3,1.0,0.0,0.1,0.1,0.2,0.0,0.0,0.3,0.4,1.6,,1997-98
403.0,Pete Myers (1997-98),34.0,NYK,SG,9.0,0.0,4.4,0.6,1.1,0.5,0.0,0.0,,0.6,1.1,0.5,0.5,0.4,0.7,0.667,0.6,0.6,1.1,0.3,0.4,0.0,0.4,0.8,1.6,,1997-98
404.0,Troy Hudson (1997-98),21.0,UTA,PG,8.0,0.0,2.9,0.8,1.8,0.429,0.0,0.4,0.0,0.8,1.4,0.545,0.429,0.0,0.0,,0.1,0.1,0.3,0.5,0.3,0.0,0.1,0.1,1.5,,1997-98
405.0,Jason Lawson (1997-98),23.0,ORL,C,17.0,0.0,4.7,0.5,0.9,0.6,0.0,0.0,,0.5,0.9,0.6,0.6,0.5,0.6,0.8,0.5,1.1,1.6,0.3,0.2,0.2,0.1,0.8,1.5,,1997-98
406.0,Mark West (1997-98),37.0,IND,C,15.0,1.0,7.0,0.7,1.4,0.476,0.0,0.0,,0.7,1.4,0.476,0.476,0.2,0.4,0.5,0.4,0.6,1.0,0.1,0.1,0.3,0.5,1.0,1.5,,1997-98
407.0,Joe Wolf (1997-98),33.0,DEN,PF,57.0,8.0,10.9,0.7,2.1,0.331,0.0,0.2,0.2,0.7,1.9,0.342,0.339,0.1,0.2,0.5,0.6,1.6,2.2,0.5,0.4,0.1,0.4,1.6,1.5,,1997-98
408.0,Chris Garner (1997-98),22.0,TOR,PG,38.0,0.0,7.7,0.6,1.8,0.329,0.1,0.4,0.286,0.5,1.5,0.339,0.357,0.1,0.2,0.429,0.2,0.4,0.6,1.2,0.6,0.1,0.7,1.3,1.4,,1997-98
409.0,Jack Haley (1997-98),34.0,NJN,C,16.0,0.0,3.2,0.3,1.1,0.278,0.0,0.1,0.0,0.3,1.1,0.294,0.278,0.8,1.3,0.571,0.3,0.6,0.9,0.0,0.0,0.1,0.3,0.6,1.4,,1997-98
410.0,Jeff Nordgaard (1997-98),24.0,MIL,PF,13.0,0.0,3.7,0.4,1.4,0.278,0.0,0.0,,0.4,1.4,0.278,0.278,0.6,0.7,0.889,0.3,0.8,1.1,0.2,0.2,0.0,0.2,0.5,1.4,,1997-98
411.0,Mark Pope (1997-98),25.0,IND,SF,28.0,0.0,6.9,0.5,1.5,0.341,0.0,0.1,0.333,0.5,1.4,0.342,0.354,0.4,0.6,0.588,0.3,0.6,0.9,0.3,0.1,0.2,0.4,1.3,1.4,,1997-98
412.0,Herb Williams (1997-98),39.0,NYK,PF,27.0,0.0,6.6,0.7,1.6,0.419,0.0,0.0,,0.7,1.6,0.419,0.419,0.0,0.3,0.125,0.2,0.9,1.1,0.1,0.2,0.3,0.2,1.3,1.4,,1997-98
413.0,Roy Rogers (1997-98),24.0,2TM,PF,15.0,0.0,7.1,0.6,1.7,0.36,0.0,0.0,,0.6,1.7,0.36,0.36,0.1,0.4,0.333,0.5,0.6,1.1,0.1,0.2,0.5,0.3,1.2,1.3,,1997-98
413.0,Roy Rogers (1997-98),24.0,BOS,PF,9.0,0.0,4.1,0.3,0.9,0.375,0.0,0.0,,0.3,0.9,0.375,0.375,0.1,0.2,0.5,0.0,0.6,0.6,0.1,0.2,0.4,0.1,0.7,0.8,,1997-98
413.0,Roy Rogers (1997-98),24.0,TOR,PF,6.0,0.0,11.5,1.0,2.8,0.353,0.0,0.0,,1.0,2.8,0.353,0.353,0.2,0.7,0.25,1.3,0.7,2.0,0.2,0.2,0.7,0.7,2.0,2.2,,1997-98
414.0,Michael Cage (1997-98),36.0,NJN,C,79.0,17.0,15.2,0.5,1.1,0.512,0.0,0.0,0.0,0.5,1.1,0.518,0.512,0.3,0.5,0.556,1.5,2.4,3.9,0.4,0.6,0.6,0.3,1.3,1.3,,1997-98
415.0,Xavier McDaniel (1997-98),34.0,NJN,SF,20.0,0.0,9.0,0.5,1.5,0.333,0.0,0.0,,0.5,1.5,0.333,0.333,0.3,0.4,0.625,0.6,1.0,1.6,0.5,0.2,0.1,0.4,1.2,1.3,,1997-98
416.0,Yinka Dare (1997-98),25.0,NJN,C,10.0,0.0,6.0,0.4,1.8,0.222,0.0,0.0,,0.4,1.8,0.222,0.222,0.4,0.8,0.5,1.0,0.7,1.7,0.1,0.0,0.2,0.2,0.9,1.2,,1997-98
417.0,Litterial Green (1997-98),27.0,MIL,PG,21.0,0.0,5.9,0.2,1.1,0.217,0.0,0.1,0.0,0.2,1.0,0.238,0.217,0.7,1.0,0.75,0.0,0.3,0.3,0.8,0.2,0.0,0.4,0.5,1.2,,1997-98
418.0,William Cunningham (1997-98),23.0,2TM,C,7.0,2.0,5.6,0.6,1.3,0.444,0.0,0.0,,0.6,1.3,0.444,0.444,0.0,0.0,,0.6,0.9,1.4,0.1,0.3,0.0,0.0,1.4,1.1,,1997-98
418.0,William Cunningham (1997-98),23.0,UTA,C,6.0,2.0,6.3,0.7,1.5,0.444,0.0,0.0,,0.7,1.5,0.444,0.444,0.0,0.0,,0.7,0.7,1.3,0.2,0.3,0.0,0.0,1.7,1.3,,1997-98
418.0,William Cunningham (1997-98),23.0,PHI,C,1.0,0.0,1.0,0.0,0.0,,0.0,0.0,,0.0,0.0,,,0.0,0.0,,0.0,2.0,2.0,0.0,0.0,0.0,0.0,0.0,0.0,,1997-98
419.0,Tim Legler (1997-98),31.0,WAS,SG,8.0,0.0,9.5,0.4,2.4,0.158,0.0,0.8,0.0,0.4,1.6,0.231,0.158,0.4,0.5,0.75,0.3,0.3,0.5,0.4,0.1,0.0,0.5,1.4,1.1,,1997-98
420.0,Lawrence Moten (1997-98),25.0,WAS,SG,8.0,0.0,3.4,0.4,1.6,0.231,0.0,0.1,0.0,0.4,1.5,0.25,0.231,0.4,0.5,0.75,0.1,0.0,0.1,0.4,0.0,0.0,0.1,0.8,1.1,,1997-98
421.0,Shawnelle Scott (1997-98),25.0,CLE,C,41.0,0.0,4.6,0.4,0.9,0.444,0.0,0.0,,0.4,0.9,0.444,0.444,0.3,0.4,0.667,0.5,1.0,1.4,0.2,0.1,0.2,0.2,1.1,1.1,,1997-98
422.0,Clifford Rozier (1997-98),25.0,MIN,C,6.0,0.0,5.0,0.5,1.0,0.5,0.0,0.0,,0.5,1.0,0.5,0.5,0.0,0.2,0.0,0.5,0.5,1.0,0.0,0.0,0.0,0.7,1.2,1.0,,1997-98
423.0,Shea Seals (1997-98),22.0,LAL,SG,4.0,0.0,2.3,0.3,2.0,0.125,0.0,0.8,0.0,0.3,1.3,0.2,0.125,0.5,1.0,0.5,0.8,0.3,1.0,0.0,0.3,0.0,0.0,0.3,1.0,,1997-98
424.0,Alton Lister (1997-98),39.0,POR,C,7.0,0.0,6.3,0.4,1.1,0.375,0.0,0.0,,0.4,1.1,0.375,0.375,0.0,0.0,,0.3,1.3,1.6,0.1,0.1,0.1,0.3,1.7,0.9,,1997-98
425.0,Reggie Hanson (1997-98),29.0,BOS,SF,8.0,0.0,3.3,0.4,0.8,0.5,0.0,0.0,,0.4,0.8,0.5,0.5,0.0,0.0,,0.4,0.4,0.8,0.1,0.3,0.1,0.4,1.0,0.8,,1997-98
426.0,Randy Livingston (1997-98),22.0,ATL,PG,12.0,0.0,6.8,0.3,1.0,0.25,0.0,0.0,,0.3,1.0,0.25,0.25,0.3,0.4,0.8,0.1,0.4,0.5,0.4,0.6,0.2,0.5,0.5,0.8,,1997-98
427.0,Ed Stokes (1997-98),26.0,TOR,C,4.0,0.0,4.3,0.3,0.8,0.333,0.0,0.0,,0.3,0.8,0.333,0.333,0.3,0.5,0.5,0.3,0.8,1.0,0.3,0.3,0.5,0.5,1.0,0.8,,1997-98
428.0,Donald Whiteside (1997-98),28.0,ATL,PG,3.0,0.0,5.3,0.3,0.7,0.5,0.0,0.3,0.0,0.3,0.3,1.0,0.5,0.0,0.7,0.0,0.0,0.3,0.3,0.3,0.0,0.0,0.3,0.0,0.7,,1997-98
429.0,Ben Davis (1997-98),25.0,NYK,PF,7.0,0.0,1.9,0.3,1.4,0.2,0.0,0.0,,0.3,1.4,0.2,0.2,0.0,0.0,,0.9,0.0,0.9,0.0,0.1,0.0,0.0,0.4,0.6,,1997-98
430.0,Charles Jones (1997-98),40.0,HOU,PF,24.0,0.0,5.3,0.3,0.4,0.7,0.0,0.0,,0.3,0.4,0.7,0.7,0.0,0.1,0.5,0.5,0.5,1.0,0.2,0.0,0.3,0.2,0.9,0.6,,1997-98
431.0,Tim Kempton (1997-98),34.0,2TM,PF,8.0,0.0,5.9,0.3,1.1,0.222,0.0,0.0,,0.3,1.1,0.222,0.222,0.0,0.0,,0.5,0.3,0.8,0.4,0.1,0.3,0.5,1.3,0.5,,1997-98
431.0,Tim Kempton (1997-98),34.0,ORL,PF,3.0,0.0,5.0,0.0,0.7,0.0,0.0,0.0,,0.0,0.7,0.0,0.0,0.0,0.0,,0.0,0.3,0.3,0.3,0.0,0.0,0.0,1.0,0.0,,1997-98
431.0,Tim Kempton (1997-98),34.0,TOR,PF,5.0,0.0,6.4,0.4,1.4,0.286,0.0,0.0,,0.4,1.4,0.286,0.286,0.0,0.0,,0.8,0.2,1.0,0.4,0.2,0.4,0.8,1.4,0.8,,1997-98
432.0,Don MacLean (1997-98),28.0,NJN,SF,9.0,0.0,4.7,0.1,1.1,0.1,0.1,0.2,0.5,0.0,0.9,0.0,0.15,0.0,0.0,,0.3,0.2,0.6,0.0,0.0,0.0,0.2,0.8,0.3,,1997-98
433.0,Kevin Salvadori (1997-98),27.0,SAC,C,16.0,0.0,5.4,0.1,0.8,0.077,0.0,0.0,,0.1,0.8,0.077,0.077,0.2,0.4,0.5,0.3,0.9,1.3,0.2,0.0,0.7,0.3,0.8,0.3,,1997-98
434.0,Dontonio Wingfield (1997-98),23.0,POR,SF,3.0,0.0,3.0,0.0,1.0,0.0,0.0,0.0,,0.0,1.0,0.0,0.0,0.3,0.7,0.5,0.7,0.7,1.3,0.0,0.0,0.0,0.3,0.7,0.3,,1997-98
435.0,Etdrick Bohannon (1997-98),24.0,IND,PF,5.0,0.0,2.2,0.0,0.8,0.0,0.0,0.0,,0.0,0.8,0.0,0.0,0.0,0.0,,0.4,0.8,1.2,0.2,0.0,0.4,0.6,0.6,0.0,,1997-98
436.0,Adrian Caldwell (1997-98),31.0,DAL,PF,1.0,0.0,3.0,0.0,0.0,,0.0,0.0,,0.0,0.0,,,0.0,0.0,,0.0,0.0,0.0,0.0,0.0,0.0,0.0,0.0,0.0,,1997-98
437.0,Sean Higgins (1997-98),29.0,POR,SF,2.0,0.0,6.0,0.0,2.5,0.0,0.0,1.0,0.0,0.0,1.5,0.0,0.0,0.0,0.0,,0.0,0.0,0.0,0.0,1.0,0.0,0.5,1.5,0.0,,1997-98
438.0,Bob McCann (1997-98),33.0,TOR,SF,1.0,0.0,5.0,0.0,1.0,0.0,0.0,0.0,,0.0,1.0,0.0,0.0,0.0,0.0,,0.0,1.0,1.0,0.0,0.0,0.0,0.0,1.0,0.0,,1997-98
439.0,Michael McDonald (1997-98),28.0,CHH,C,1.0,0.0,4.0,0.0,0.0,,0.0,0.0,,0.0,0.0,,,0.0,0.0,,1.0,0.0,1.0,0.0,0.0,0.0,2.0,1.0,0.0,,1997-98
,League Average (1997-98),,,,,,,,,0.45,,,0.346,,,0.47,0.478,,,0.737,,,,,,,,,,,1997-98
